1
10
100
1000
100001
100004
100006
100007
100008
100009
10001
100011
100012
100013
100014
100015
100017
100018
10002
100020
100022
100023
100025
100026
100028
100029
10003
100030
100031
100032
100035
100038
10004
100040
100041
100043
100045
100048
100049
10005
100050
100051
100053
100057
100058
100061
100062
100063
100064
100065
100067
100068
100070
100071
100072
100074
100078
100079
10008
100080
100083
100084
100085
100086
100087
100088
100089
10009
100090
100091
100097
100099
1001
10010
100100
100102
100104
100109
10011
100111
100113
100114
100115
100116
100118
100120
100121
100122
100124
100125
100129
100135
100136
100140
100143
100144
100145
100146
100147
100148
100149
10015
100152
100156
100157
100158
10016
100162
100164
100166
100167
100168
100169
10017
100170
100171
100172
100173
100174
100175
100179
100180
100181
100182
100183
100184
100185
100187
100189
10019
100190
100192
100194
100195
100196
100198
100199
1002
10020
100200
100202
100204
100206
100207
100208
100209
10021
100210
100212
100215
100216
100217
100218
100219
100220
100221
100223
100224
100225
100227
100228
100229
100230
100231
100234
100235
100236
100237
100239
100244
100245
100247
100248
100249
100250
100251
100252
100253
100257
100258
100259
100261
100262
100263
100266
100268
100269
100272
100274
100276
100278
100279
10028
100281
100282
100283
100285
100286
100287
100290
100295
100296
100297
100298
10030
100300
100301
100303
100304
100306
100307
100309
10031
100311
100314
100315
100316
100317
100318
100319
100320
100322
100323
100327
10033
100332
100335
100336
100337
10034
100342
100343
100346
100347
100348
10035
100351
100353
100354
100356
100357
100358
100360
100363
100364
100366
100367
100369
100371
100372
100373
100376
100377
100378
100384
100385
100386
100388
100389
10039
100390
100393
100394
100395
100396
100398
10040
100401
100402
100403
100405
100406
100407
100408
10041
100410
100412
100413
100416
100418
100420
100421
100422
100423
100426
100429
100430
100431
100432
100433
100434
100435
100437
100438
100439
10044
100440
100441
100442
100443
100446
100448
10045
100451
100452
100453
100455
100456
100457
100458
10046
100461
100463
100464
100465
100471
100472
100473
100476
100478
10048
100480
100481
100482
100483
100484
100485
100487
100489
10049
100491
100492
100495
100499
1005
100500
100502
100504
100505
100506
10051
100510
100513
100515
100519
100520
100521
100522
100525
100527
100528
100529
10053
100530
100536
100537
100538
10054
100540
100541
100542
100543
100546
100547
100548
100549
100551
100552
100553
100554
100555
100558
100560
100562
100563
100566
100567
100569
100571
100572
100573
100575
100577
100578
100580
100582
100589
10059
100590
100594
100596
100599
10060
100600
100601
100605
100608
100609
100611
100613
100614
100615
100617
100618
100619
10062
100621
100622
100623
100624
100625
100626
100627
100632
100633
10064
100640
100642
100643
100648
10065
100651
100652
100655
100656
100658
100659
10066
100660
100661
100662
100663
100664
100665
100666
100673
100675
100676
100677
100678
100683
100684
100688
100689
10069
100692
100693
100694
100695
100696
100697
100698
10070
100700
100701
100703
100704
100706
10071
100710
100711
100713
100714
100715
100716
100718
100719
10072
100722
100723
100724
100727
100728
100729
10073
100730
100732
100735
100736
100738
10074
100741
100743
100744
100745
100746
100747
100748
100749
10075
100750
100752
100753
100755
100757
100758
100759
10076
100760
100761
100762
100764
100766
100768
10077
100771
100772
100773
100774
100776
10078
100780
100783
100784
100787
100789
10079
100793
100794
100795
100796
100798
100799
100800
100801
100805
100807
100808
10081
100810
100811
100814
100817
10082
100820
100822
100824
100825
100826
100828
10083
100831
100832
100833
100834
100836
100837
100838
10084
100840
100841
100842
100844
100847
100849
10085
100852
100853
100855
100857
100858
100859
10086
100865
100867
100868
10087
100871
100875
100877
100878
100879
10088
100880
100881
100883
100885
100887
100888
100889
10089
100891
100892
100893
100896
100897
100899
1009
10090
100900
100901
100903
100904
100906
100907
100908
10091
100911
100914
100915
100917
100918
100919
10092
100922
100923
100925
100927
100928
100929
10093
100931
100932
100933
100934
100938
10094
100942
100943
100945
10095
100951
100955
100956
100957
100958
10096
100960
100961
100964
100965
100967
100968
100971
100973
100974
100975
100976
100977
100979
10098
100980
100982
100984
100985
100987
100988
100989
10099
100990
100991
100992
100993
100994
100995
100996
100998
100999
101
1010
101001
101005
101009
101010
101011
101013
101014
101015
101018
10102
101020
101021
101024
101025
101027
101028
10103
101030
101031
101033
101034
101035
101036
101038
101039
10104
101040
101044
101046
101048
10105
101053
101054
101057
101058
10106
101061
101062
101063
101064
101065
101066
101068
10107
101070
101071
101075
101077
101079
10108
101080
101081
101082
101083
101084
101086
101087
10109
101090
101091
101092
101093
101096
101097
101098
10110
101100
101101
101105
101106
101107
101108
101109
101110
101111
101112
101114
101115
101117
101123
101125
101126
101127
101129
101131
101134
101135
101136
101137
101139
101141
101142
101145
101148
101150
101152
101153
101154
101155
101156
101157
101159
101160
101162
101163
101167
101168
101169
10117
101170
101172
101173
101174
101175
101176
101178
10118
101180
101181
101183
101184
101186
101187
101188
101189
101191
101192
101193
101194
101195
101196
10120
101200
101202
101203
101205
101206
101207
101209
10121
101210
101211
101213
101216
101218
101219
10122
101224
101225
101227
101228
101229
101230
101231
101232
101234
101237
101238
101239
10124
101240
101241
101242
101245
101247
101249
101252
101253
101254
101256
101257
101258
101259
101260
101261
101263
101267
101268
101269
101272
101275
101276
101277
101278
10128
101280
101281
101283
101284
101285
101286
101287
101288
10129
101290
101291
101292
101293
101296
101298
101299
1013
10130
101301
101302
101303
101304
101306
101307
101308
101309
101312
101314
101318
101319
10132
101320
101321
101322
101324
101325
101326
101329
10133
101330
101331
101334
101335
101337
101341
101342
101343
101345
101347
101348
101349
101351
101352
101354
101359
10136
101361
101363
101365
101367
101368
101369
10137
101370
101371
101372
101374
101375
101376
101377
10138
101380
101383
101384
101385
101386
101388
101389
10139
101390
101393
101395
101399
1014
101401
101402
101403
101404
101405
101406
101407
101408
10141
101410
101412
101413
101414
101416
101417
101418
10142
101422
101424
101425
101426
101427
101428
10143
101431
101435
101436
101437
101438
101439
10144
101442
101443
101444
101445
101447
101449
10145
101452
101454
101457
101458
101461
101462
101463
101464
101465
101466
101467
101468
101469
101470
101472
101474
101475
101476
101477
101478
10148
101482
101485
101486
101487
101488
10149
101491
101493
101494
101495
101496
101497
101498
101499
101500
101502
101506
101508
101510
101511
101512
101513
101515
101518
101520
101521
101522
101526
101527
10153
101530
101531
101532
101533
101534
101538
101539
101540
101541
101542
101544
101545
101548
101551
101552
101555
101556
101558
101559
101561
101562
101563
101564
101565
101566
101567
101568
101569
101570
101572
101573
101574
101576
101580
101581
101582
101585
101586
101588
101590
101592
101593
101594
101596
101597
101599
10160
101600
101602
101604
101606
101607
101608
101609
10161
101610
101611
101612
101614
101618
101619
101621
101623
101626
101628
101629
101631
101635
101636
101637
101638
101639
101640
101641
101642
101644
101645
101646
101647
101648
101649
10165
101650
101651
101655
101656
101657
101659
10166
101660
101662
101663
101665
101666
101667
10167
101672
101675
101676
101677
101678
101679
10168
101680
101681
101682
101683
101684
101685
101687
101689
101691
101692
101693
101695
101697
101700
101701
101702
101703
101704
101707
101708
101709
10171
101711
101712
101713
101715
101716
101718
101719
10172
101720
101721
101722
101723
101724
101725
101726
101728
101729
101730
101735
101736
101738
101739
10174
101742
101744
101746
101747
101748
101749
10175
101750
101753
101755
101756
101757
10176
101760
101761
101764
101767
101768
101769
10177
101772
101773
101774
101775
101776
101779
101780
101782
101783
101785
101788
101789
10179
101791
101792
101795
1018
10180
101800
101803
101806
101808
10181
101811
101813
101814
101815
10182
101820
101823
101824
101825
101826
101827
101828
101829
10183
101830
101832
101834
101835
101836
101837
101838
101839
10184
101840
101841
101843
101845
101847
101848
101849
10185
101850
101851
101852
101855
101856
10186
101861
101864
101865
101866
101868
101869
10187
101870
101871
101872
101873
101874
101875
101876
10188
101880
101883
101886
101887
101889
101891
101895
101898
101899
101902
101904
101907
10191
101911
101912
101913
101914
101916
101918
101919
10192
101920
101921
101926
101929
10193
101933
101935
101936
101937
101938
101939
101940
101941
101946
101947
10195
101951
101952
101954
101955
101956
101958
101959
101961
101962
101967
101968
101970
101971
101972
101974
101977
101978
101979
10198
101980
101981
101982
101988
10199
101990
101991
101992
101993
101994
101995
101996
101997
101998
101999
10200
102000
102003
102006
102007
102010
102011
102012
102015
102016
102017
102018
102019
102020
102021
102022
102023
102024
102025
102027
102029
102031
102034
102036
102037
102040
102042
102045
102047
102049
10205
102050
102055
102056
102057
102058
102059
10206
102060
102061
102062
102064
102067
102069
10207
102070
102071
102072
102075
102076
102077
102078
102079
10208
102080
102081
102082
102083
102084
102086
102087
102089
10209
102090
102091
102093
102094
102095
102096
102099
1021
10210
102100
102101
102105
102106
102107
102108
102109
102111
102112
102115
102116
102117
102119
10212
102120
102121
102122
102123
102124
102126
102128
102129
10213
102131
102133
102138
102139
102141
102142
102143
102144
102146
102147
10215
102150
102154
102155
10216
102160
102161
102163
102164
102165
102168
10217
102170
102171
102172
102174
102175
102177
102178
10218
102182
102184
102185
102186
102187
102189
10219
102190
102191
102193
102194
102195
102196
102197
102199
1022
102201
102204
102205
102208
102209
10221
102210
102211
102212
102213
102219
10222
102221
102223
102226
102227
102229
10223
102233
102234
102235
102237
102239
102241
102244
102246
102247
102249
102250
102251
102252
102254
102255
102256
102257
102258
102259
10226
102263
102267
10227
102270
102273
102275
102277
102278
102279
10228
102280
102281
102282
102283
102285
102286
102287
102288
102289
102290
102291
102293
102294
102295
102296
1023
10230
102300
102301
102302
102303
102304
102305
102307
102308
10231
102310
102311
102313
102314
102317
10232
102321
102323
102324
102327
10233
102330
102331
102332
102335
102336
102338
102339
102340
102341
102344
102346
102347
102348
10235
102350
102351
102353
102354
102355
102356
102358
102359
102360
102361
102362
102363
102364
102365
102366
102367
102369
10237
102373
102374
102375
102376
102377
102378
102379
10238
102380
102383
102384
102385
102386
10239
102391
102392
102393
102394
102395
102397
1024
102402
102403
102405
102406
102407
102408
102412
102413
102414
102415
102418
102419
10242
102420
102425
102428
102429
10243
102430
102433
102434
102435
102438
102439
10244
102441
102442
102443
102445
102447
10245
102452
102453
102454
102455
102458
102459
10246
102460
102461
102464
102465
102472
102473
102474
102476
102477
102479
10248
102480
102481
102482
102486
102487
102489
102492
102496
102499
1025
102500
102501
102503
102505
102506
102507
10251
102510
102511
102513
102515
102518
102519
10252
102520
102521
102522
102524
102525
102527
102530
102531
102533
102536
102537
102538
102541
102543
102544
102545
102546
102547
102549
102551
102554
102555
102556
102557
10256
102561
102562
102563
102565
102567
10257
102571
102572
102575
102576
102578
10258
102580
102581
102582
102583
102586
102589
10259
102590
102592
102593
102594
102595
102597
102598
10260
102601
102602
102604
102605
102606
102608
102609
102610
102611
102612
102615
102616
102618
102619
10262
102620
102622
102624
102625
102627
102628
10263
102630
102632
102633
102635
102638
102639
10264
102640
102641
102643
102644
102648
102649
102650
102652
102653
102654
102655
102656
102657
102659
10266
102660
102661
102663
102664
102665
102666
102667
102668
102669
102670
102672
102675
102676
102678
102679
10268
102681
102683
102685
102686
102687
10269
102691
102693
102695
102697
102699
1027
102700
102701
102702
102703
102704
102705
102707
10271
102713
102714
102715
102716
102717
102718
10272
102721
102723
102724
102725
102726
102727
102729
10273
102733
102735
102738
102742
102743
102744
102745
102747
10275
102751
102752
102753
102755
102758
102759
102763
102764
102766
102768
102769
10277
102770
102772
102773
102774
102775
102776
102777
102780
102783
102784
102786
102787
102788
10279
102790
102791
102792
102793
102794
102796
102797
102798
10280
102800
102801
102803
102804
102806
102807
102808
10281
102810
102811
102812
102813
102814
102815
102818
10282
102820
102822
102823
102824
102825
102828
102829
102830
102831
102832
102833
102834
102835
102836
102837
102839
102840
102841
102842
102843
102848
102849
102850
102852
102854
102856
102857
10286
102860
102861
102862
102863
102864
102865
102867
102868
10287
102870
102875
102877
102878
10288
102880
102881
102883
102886
102887
102889
102890
102891
102892
102893
102894
102895
102897
102899
10290
102901
102902
102903
102904
102908
10291
102910
102911
102912
102913
102914
102915
102916
102917
102919
10292
102920
102921
102922
102923
102924
102927
102928
102930
102931
102934
102936
102937
102938
102939
10294
102940
102942
102944
102945
102946
102948
102949
102952
102953
102956
102958
102959
10296
102960
102963
102964
102966
102967
102969
102970
102974
102975
102976
102977
102980
102981
102982
102985
102986
102987
102988
102989
102990
102991
102992
102993
102994
102996
102998
10300
103002
103004
103005
10301
103010
103011
103016
103017
103018
103019
103022
103023
103024
103025
103029
103032
103033
103036
10304
103040
103041
103042
103044
103045
103046
103047
103049
10305
103050
103051
103057
103058
10306
103062
103064
103065
103066
103069
103070
103071
103072
103074
103075
103076
103077
103079
10308
103080
103082
103084
103085
103086
103087
103088
103089
10309
103090
103091
103092
103093
103095
103097
1031
10310
103100
103101
103103
103107
10311
103111
103113
103114
103115
103116
103117
103118
10312
103125
103127
103128
10313
103133
103134
103136
103139
103140
103146
103147
103148
103149
103152
103153
103154
103155
103157
103159
103160
103163
103167
103168
103169
10317
103171
103172
103173
103174
103175
103176
103177
103178
103179
10318
103182
103183
103185
103187
103189
103190
103191
103193
103196
103198
10320
103200
103201
103202
103203
103204
103205
103206
103207
103209
10321
103211
103213
103214
103215
103220
103226
103227
103228
103233
103235
103239
10324
103240
103241
103242
103244
103245
103247
103248
103249
103250
103252
103253
103256
10326
103260
103262
103263
103267
103269
10327
103271
103273
103275
103276
103277
103279
10328
103281
103283
103285
103287
103289
10329
103292
103294
103297
103299
1033
10330
103300
103303
103304
103305
103307
103309
10331
103310
103311
103313
103314
103315
103317
103319
10332
103321
103322
103323
103325
103326
10333
103332
103333
103334
103335
103337
103339
10334
103340
103341
103342
103343
103344
103345
103347
103348
103349
103351
103352
103354
103355
103357
103358
10336
103361
103362
103367
103368
103369
10337
103370
103371
103373
103374
103375
103376
103381
103383
103384
103386
10339
103390
103392
103394
103397
103398
103400
103401
103402
103403
103404
103408
10341
103412
103415
103417
103419
10342
103420
103421
103423
103424
103426
103428
103429
10343
103436
103437
10344
103440
103441
103449
103450
103451
103453
103454
103458
103459
103460
103461
103463
103465
103466
103469
10347
103470
103471
103474
103476
10348
103481
103485
103486
103487
103488
10349
103490
103492
103496
103498
103499
1035
10350
103501
103503
103504
103505
103506
103507
103509
103510
103511
103513
103514
103515
103520
103522
103524
103526
103527
103529
10353
103530
103531
103532
103533
103536
103538
103539
10354
103540
103541
103544
103545
103546
103547
103548
10355
103551
103552
103553
103554
103556
103557
103559
10356
103560
103562
103563
103564
103567
103568
103569
10357
103571
103572
103573
103577
103579
10358
103582
103583
103585
103588
103589
103591
103593
103594
103596
103599
10360
103600
103601
103602
103604
103606
103609
10361
103612
103614
103616
103617
103618
10362
103620
103622
103623
103627
103629
10363
103630
103634
103635
103636
103637
103638
103639
103640
103641
103643
103645
103649
103650
103651
103652
103653
103654
103655
103656
103657
103660
103661
103662
103663
103665
103667
103668
10367
103670
103671
103672
103673
103674
103675
103681
103682
103683
103685
103687
103689
10369
103691
103693
103694
103696
103699
1037
103700
103701
103702
103703
103709
103710
103712
103716
103718
103719
10372
103722
103724
103725
103726
103727
103728
103730
103731
103732
103733
103737
103739
10374
103740
103743
103744
103746
103748
10375
103750
103751
103752
103753
103754
103755
103757
103760
103762
103763
103764
103765
103767
103768
103771
103772
103774
103775
103778
103779
103781
103783
103784
103785
103786
103788
103789
10379
103790
103791
103792
103793
103795
103796
103797
103799
10380
103800
103803
103805
103806
103807
103808
103809
10381
103810
103812
103814
103815
103817
103819
10382
103822
103824
103829
10383
103830
103831
103832
103833
103834
103836
103837
103838
10384
103840
103841
103842
103843
103844
10385
103850
103851
103852
103855
103856
103857
103858
103859
10386
103860
103863
103865
103869
103871
103873
103875
103878
103880
103881
103882
103883
103886
103887
10389
103890
103891
103893
103894
103895
103896
103899
103902
103904
103905
103907
103908
10391
103910
103911
103912
103915
103917
103919
10392
103922
103923
103924
103925
103926
103927
103928
103930
103931
103934
103935
103936
103937
103939
10394
103942
103944
103945
103946
103947
10395
103950
103951
103952
103953
103958
103960
103961
103965
103967
103969
10397
103970
103972
103975
103979
103980
103981
103984
103988
10399
103992
103993
103994
103995
103998
103999
104
1040
104000
104004
104005
104007
104008
104009
104013
104015
104016
104018
104019
10402
104021
104023
104024
104025
104027
104032
104033
104034
104039
104040
104043
104044
104046
104050
104053
104054
104055
104056
104057
104059
10406
104060
104061
104062
104063
104065
104066
104068
10407
104070
104071
104072
104074
104076
104079
10408
104081
104083
104085
104086
104087
104088
104089
10409
104093
104095
104097
104098
1041
10410
104100
104103
104104
104105
104106
104110
104112
104114
104115
104116
104117
104118
104119
10412
104120
104122
104123
104124
104125
104127
104128
10413
104132
104133
104134
104136
104137
104138
104139
10414
104142
104147
104148
10415
104153
104157
10416
104162
104163
104165
104167
104168
104169
10417
104171
104172
104178
104179
10418
104180
104183
104184
104187
10419
104191
104193
104194
104195
104197
104198
10420
104200
104201
104202
104203
104204
104205
104209
10421
104210
104211
104212
104213
104216
104218
104219
104224
104225
104227
104228
104231
104233
104234
104236
104238
10424
104240
104244
104246
104248
104249
104251
104252
104258
10426
104260
104262
104264
104265
104266
104267
10427
104270
104271
104272
104273
104274
104275
104278
104279
104280
104281
104282
104284
104286
104287
104288
104289
10429
104291
104293
104295
104298
1043
10430
104300
104303
104305
104306
104307
104309
10431
104312
104313
104315
104317
10432
104320
104321
104322
104325
104326
104327
104328
104333
104334
104335
104336
104337
104338
104339
104340
104342
104346
104347
104349
10435
104350
104352
104353
104354
104356
10436
104360
104361
104362
104365
104366
104368
104369
10437
104371
104372
104373
104374
104375
104377
104378
10438
104380
104381
104383
104384
104386
104387
104388
10439
104391
104393
104397
104399
10440
104400
104401
104406
104407
104408
104409
10441
104410
104414
104416
104418
104419
10442
104421
104423
104425
104427
104429
10443
104430
104431
104432
104433
104435
104440
104441
104442
104445
104453
104455
104457
10446
104460
104461
104464
104466
104468
10447
104470
104472
104473
104474
104475
104476
104478
104483
104489
10449
104492
104493
104495
104497
104498
104499
1045
10450
104500
104502
104503
104507
10451
104512
104513
104514
104515
104516
104518
104519
10452
104521
104525
104526
104527
104528
104529
10453
104530
104532
104533
104534
104535
104536
104538
104539
10454
104540
104541
104542
104543
104544
104545
104546
10455
104550
104551
104552
104553
104555
104556
104557
104558
104560
104562
104565
104566
104567
104568
104569
10457
104575
104576
104577
104580
104581
104584
104586
104587
104588
104589
104591
104593
104594
104598
104599
1046
104601
104602
104604
104605
104606
104607
104609
10461
104610
104611
104613
104615
10462
104622
104624
104625
104627
104628
104629
10463
104630
104632
104634
104640
104644
104646
104647
104648
104649
10465
104650
104651
104652
104654
104655
104656
104657
10466
104660
104663
104664
104666
104668
104671
104672
104674
104675
104676
104677
104678
104679
10468
104680
104683
104685
104686
104688
104689
10469
104690
104691
104692
104693
104695
104696
104697
104699
10470
104700
104703
104704
104707
104708
104709
10471
104711
104712
104714
104716
10472
104721
104722
104723
104724
104726
104727
104728
104729
10473
104730
104734
104737
104739
10474
104741
104742
104743
104744
104745
104746
104747
104748
10475
104750
104752
104753
104754
104755
104756
104758
104759
10476
104760
104761
104763
104764
104765
104767
104768
104769
10477
104771
104778
104779
104780
104782
104785
104786
104787
104788
104790
104793
104795
104796
104798
104799
1048
10480
104800
104801
104802
104805
104806
104807
104808
104809
10481
104810
104811
104813
104815
104817
104818
104819
104822
104823
104824
104827
104828
104831
104833
104836
104838
104839
104840
104841
104842
104845
104847
104848
104849
104851
104855
104856
104858
104859
104861
104862
104863
104865
104866
104868
10487
104870
104871
104872
104874
104875
104876
10488
104881
104885
104886
104888
104889
10489
104890
104891
104892
104893
104895
104896
104898
10490
104900
104901
104902
104904
104905
104906
104907
104908
104909
10491
104910
104911
104913
104915
104916
10492
104920
104921
104926
104928
104929
104930
104931
104935
104937
104939
104940
104941
104942
104943
104944
104945
104947
104949
10495
104950
104951
104952
104953
104954
104955
104956
104958
104960
104962
104963
104964
104965
104966
104967
104968
104971
104972
104975
104977
104980
104981
104982
104983
104985
104988
104989
104990
104992
104993
104995
104996
104997
105
1050
10500
105000
105001
105002
105003
105008
105010
105011
105012
105013
105014
105016
10502
105020
105021
105022
105023
105024
105026
105027
105030
105031
105033
105035
105036
105037
105038
10504
105041
105044
105045
105046
105047
105048
105054
105055
105056
105058
10506
105060
105063
105064
105065
105066
105067
105068
105069
10507
105070
105072
105074
105076
105077
105078
105080
105082
105083
105084
105086
10509
105091
105092
105093
105094
105096
105097
105098
105099
10510
105100
105101
105103
105104
105106
105108
105109
10511
105110
105111
105112
105114
105117
105119
10512
105123
105125
105129
10513
105130
105132
105134
105135
105136
105137
105138
105139
10514
105140
105141
105142
105145
105147
105148
10515
105153
105154
105156
105158
10516
105160
105162
105165
105166
105169
105170
105172
105175
105176
105177
105178
105179
10518
105180
105181
105182
105183
105186
105188
10519
105190
105191
105193
105194
105197
105199
10520
105201
105203
105209
10521
105210
105211
105212
105213
105214
105215
105217
105218
10522
105221
105224
105225
105226
105228
105230
105231
105233
105235
105238
10524
105240
105241
105243
105244
105245
105247
105248
105249
10525
105251
105252
105254
105255
105256
105257
105258
10526
105260
105261
105263
105265
105266
105267
105268
10527
105272
105273
105275
105279
105282
105283
105285
105286
105287
105288
105289
10529
105291
105292
105293
105294
105296
105299
10530
105300
105303
105305
105306
105307
105308
105310
105312
105313
105314
105318
105319
105320
105321
105324
105325
105326
105327
105328
10533
105330
105332
105333
105334
105339
10534
105341
105342
105345
105349
105350
105351
105353
105354
105355
105356
105359
10536
105361
105362
105363
105364
105367
105369
10537
105371
105372
105375
105377
105378
10538
105380
105381
105383
105384
105385
105386
105389
105390
105391
105393
105394
105396
105404
105406
105409
10541
105410
105411
105413
105414
105415
105416
105417
105419
105420
105421
105423
105424
105425
105426
105428
105431
105433
105434
105435
105437
105438
105439
105440
105442
105444
105446
105447
105449
10545
105451
105453
105454
105455
105458
105460
105461
105464
105468
10547
105470
105471
105474
105475
105476
105479
10548
105480
105481
105485
105487
105488
105489
10549
105490
105491
105492
105494
105496
105497
105499
10550
105500
105501
105504
105505
105509
105511
105512
105513
105515
105516
105517
105518
105519
105520
105521
105522
105524
105525
105526
105527
105528
105529
105530
105532
105535
105537
105539
10554
105540
105542
105543
105544
105546
105548
105549
105551
105552
105553
105554
105555
105557
105558
10556
105560
105561
105565
105566
10557
105571
105572
105573
105576
10558
105581
105582
105588
105589
10559
105591
105592
105593
105596
105598
105599
1056
10560
105601
105602
105603
105604
105605
105606
105607
105608
105609
105611
105612
105613
105614
10562
105621
105623
105625
105626
105627
105628
105629
105630
105631
105632
105634
105635
105638
105639
105640
105641
105643
105644
105646
105647
105650
105651
105652
105653
105654
105655
105656
105657
105658
105659
10566
105660
105664
105666
105667
10567
105671
105673
105677
10568
105680
105681
105682
105685
105686
105689
10569
105690
105691
105692
105694
105695
105696
105698
105699
10570
105700
105702
105703
105704
105707
105708
10571
105710
105712
105714
105715
105716
105717
105722
105725
105726
105727
105728
10573
105730
105732
105733
105734
105735
105736
105738
10574
105740
105742
105744
105746
105747
105748
105749
10575
105753
105757
105758
105759
10576
105760
105763
105766
105767
10577
105770
105771
105772
105777
105778
105780
105781
105782
105783
105784
105785
105786
10579
105790
105792
105793
105794
105798
1058
10580
105801
105805
105808
105809
10581
105812
105813
105814
105815
105816
105818
105819
10582
105820
105821
105822
105824
105833
105834
105835
105837
105840
105841
105842
105843
105844
105845
105846
105850
105851
105852
105854
105855
105856
105857
105858
105859
105860
105861
105866
105868
105874
105876
105878
10588
105880
105881
105883
105886
105887
105888
105889
105890
105893
105894
105895
105898
105899
105900
105901
105902
105905
105909
10591
105910
105911
105913
105914
105915
105916
105917
105918
10592
105923
105924
105926
105928
105929
105930
105931
105932
105934
105935
105936
105937
105938
105939
10594
105941
105942
105944
105945
105947
105948
105949
105951
105952
105953
105954
105955
105957
10596
105960
105961
105962
105963
105965
105966
105969
105970
105971
105974
105975
105977
105978
105979
105980
105981
105982
105989
105990
105993
105994
105996
105997
105998
105999
106
1060
106001
106002
106003
106007
106009
10601
106013
106014
106016
106019
106021
106022
106026
106029
10603
106030
106033
106034
106035
106038
106039
10604
106040
106041
106042
10605
106052
106053
106054
106056
106057
106058
10606
106060
106061
106062
106064
106065
106067
10607
106073
106074
106075
106076
106078
10608
106080
106083
106084
106086
106087
106088
106089
106090
106093
106095
106098
106099
10610
106102
106104
106106
106109
10611
106110
106113
106114
106117
106121
106123
106124
106126
10613
106131
106132
106133
106135
106136
106138
10614
106140
106141
106143
106146
106147
106148
106149
10615
106150
106151
106152
106153
106154
106156
106158
106159
10616
106160
106162
106163
106164
106165
106166
106167
106169
106171
106172
106174
106175
106176
106177
10618
106182
106185
106186
106187
106188
106189
10619
106192
106193
106194
106195
106196
106199
1062
10620
106204
10621
106211
106212
106214
106216
106218
106219
106220
106221
106222
106223
106224
106225
106226
106227
106229
10623
106230
106233
106234
106236
106237
106238
10624
106242
106243
106244
106246
106248
10625
106251
106252
106253
106254
106256
10626
106260
106261
106262
106264
106265
106266
106268
106269
106270
106271
106273
106275
106277
106278
106279
106280
106281
106282
106284
106285
106286
106287
106288
106289
10629
106292
106293
106294
106296
106297
106298
106299
106301
106303
106304
106306
106307
106309
106310
106311
106312
106314
106315
106317
10632
106320
106321
106325
106326
106327
106328
106329
10633
106331
106335
106336
106338
106339
10634
106340
106341
106342
106343
106344
106345
106346
106348
106349
10635
106350
106352
106353
106355
106357
106358
106359
10636
106360
106363
106364
106365
106366
106367
106368
106369
106370
106371
106372
106373
106374
106375
106378
106379
106380
106381
106382
106383
106384
106386
106389
106390
106391
106392
106398
106399
1064
10640
106400
106401
106402
106403
106405
106406
106407
106409
106411
106412
106414
106415
106416
106418
106419
106422
106426
106427
106428
106431
106433
106434
106437
106438
106444
106445
106448
106449
10645
106452
106453
106454
106455
106456
106459
106461
106462
106464
106465
106468
106469
10647
106470
106471
106475
106477
106478
106479
106480
106482
106483
106485
106486
106489
106490
106492
106495
106497
106502
106503
106505
106507
106509
10651
106510
106511
106513
106516
106518
10652
106520
106522
106523
106525
106526
106527
106529
10653
106530
106533
106534
106535
106537
106538
106539
10654
106540
106543
106544
106547
106548
10655
106550
106551
106552
106553
106555
106558
106559
106560
106561
106562
106566
106570
106572
106573
106575
106576
106577
106578
106579
106581
106582
106585
106587
10659
106593
106595
106598
106599
1066
10660
106602
106603
106606
106607
106609
10661
106611
106613
106615
106617
106619
106620
106621
106623
106625
106626
106628
10663
106630
106631
106632
106633
106634
106635
106636
106637
106638
106639
10664
106640
106642
106643
106646
106648
106649
10665
106650
106651
106655
106656
106658
106659
10666
106661
106662
106663
106664
106665
106666
106668
10667
106670
106671
106672
106674
106675
106676
106677
106678
106680
106683
106684
106685
106687
106689
106690
106691
106692
106693
106694
106696
106698
106699
106701
106702
106704
106705
106706
106707
106708
106709
106710
106711
106712
106713
106714
106718
106719
106721
106723
106724
106725
106726
106727
10673
106730
106731
106732
106734
106735
106738
106739
10674
106742
106744
106745
106746
106747
10675
106750
106752
106754
106755
106757
10676
106763
106764
106766
106768
10677
106770
106771
106773
106774
106775
106777
106778
10678
106780
106782
106783
106786
106789
10679
106790
106791
106794
106795
106796
106797
106799
1068
106800
106803
106804
106805
10681
106810
106811
106814
106815
106817
106818
106819
106821
106822
106823
106826
106829
10683
106830
106832
106833
106834
106835
106836
106837
106839
10684
106841
106842
106844
106845
106846
106847
106848
106849
10685
106851
106853
106856
106857
106858
10686
106861
106864
106865
106866
106868
106869
106872
106873
106874
106877
106878
106879
10688
106883
106885
106886
106888
106889
10689
106892
106893
106894
106895
106896
106899
1069
106902
106904
106905
106906
106907
106908
106909
10691
106912
106913
106914
106917
106919
10692
106922
106923
106924
106925
106927
106928
106929
10693
106930
106933
106935
106937
106938
106939
10694
106940
106941
106942
106944
106945
106946
106947
10695
106951
106953
106954
106955
106956
106959
106960
106962
106963
106964
106967
106971
106974
106976
106978
106979
10698
106981
106982
106983
106984
106986
10699
106990
106991
106994
106998
106999
107
1070
107000
107004
107005
107008
10701
107010
107014
107015
107017
107020
107022
107023
107024
107025
107026
107027
107028
107029
10703
107032
107034
107035
107036
107038
107039
107043
107044
107045
107046
107047
10705
107050
107051
107053
107054
107055
107056
107058
10706
107060
107062
107063
107065
107066
107067
107068
107069
10707
107075
107076
107079
10708
107081
107083
107084
107086
107087
107088
107089
107092
107093
107099
1071
10710
107100
107101
107105
107113
107114
107119
10712
107120
107121
107122
107126
107127
107128
107130
107131
107134
107136
107137
107138
107139
10714
107140
107141
107142
107143
107144
107146
107147
10715
107153
10716
107160
107162
107163
107164
107165
107168
107169
10717
107171
107172
107173
107174
107175
107176
10718
107181
107182
107184
107185
107186
107187
107189
107190
107192
107194
107196
107197
1072
10720
107201
107203
107204
107205
107207
107208
107209
107210
107212
107213
107214
107215
107216
107218
107219
107220
107221
107222
107223
107224
107225
107226
107227
107229
107230
107232
107233
107234
107235
107236
107238
107240
107242
107243
107244
107246
107248
10725
107250
107251
107253
107254
107256
107257
107261
107262
107263
107264
107265
107267
107268
107271
107272
107273
107279
10728
107280
107283
107288
107289
107291
107293
107294
107295
107296
107297
107299
1073
10730
107300
107303
107304
107305
107307
107308
107310
107311
107312
107314
107315
107318
107319
107321
107322
107323
107327
10733
107330
107332
107334
107337
107338
10734
107341
107342
107343
107344
107347
107349
10735
107350
107353
107354
107355
107357
107358
10736
107362
107363
107364
107370
107372
107373
107374
107375
107376
107377
107378
107380
107381
107382
107383
107384
107386
107389
107390
107391
107395
107397
107399
1074
10740
107400
107401
107403
107404
107406
107407
107409
107411
107412
107415
107418
10742
107420
107421
107422
107424
107425
107426
107428
107429
10743
107430
107431
107432
107433
107434
107436
107437
107439
10744
107441
107442
107443
107444
107446
107448
10745
107453
107454
107458
107459
107461
107462
107466
107467
107468
107469
107470
107473
107475
107477
107479
10748
107480
107482
107485
107486
107487
107488
107491
107492
107493
107495
107496
107497
107499
1075
10750
107502
107503
107505
107507
107510
107512
107513
107514
107515
107516
107519
107520
107523
107526
107527
107528
107529
10753
107530
107531
107533
107534
107535
107537
107539
10754
107540
107541
107542
107543
107546
107548
107550
107551
107552
107553
107554
107555
107556
107559
10756
107561
107562
107563
107566
10757
107573
107574
107576
107577
10758
107581
107582
107585
107589
10759
107590
107594
107596
107598
1076
10760
107600
107602
107603
107605
107606
107608
107609
10761
107610
107611
107615
107617
107620
107622
107624
107625
107627
107628
107629
10763
107630
107631
107634
107635
107636
107639
10764
107641
107642
107644
107645
107646
107647
107648
10765
107650
107652
107653
107654
107655
107656
107657
107658
107659
107660
107661
107662
107665
107666
107667
107669
10767
107670
107671
107673
107675
107676
10768
107680
107681
107683
107685
107686
107687
107688
107689
10769
107690
107691
107694
107697
107699
107704
107709
10771
107714
107719
10772
107720
107722
107724
107725
107726
107730
107731
107733
107734
107736
107737
107738
107739
10774
107740
107743
107746
107747
107748
10775
107750
107752
107754
107755
107758
107759
107760
107763
107765
107766
107767
107769
10777
107770
107771
107776
107777
107778
107779
10778
107780
107783
107786
107788
107789
107794
107795
107796
107797
107799
10780
107800
107805
107809
10781
107812
107814
107815
107816
107817
107818
10782
107822
107825
107826
107828
10783
107831
107832
107835
107838
107839
107841
107842
107843
107844
107845
107846
107847
107848
107849
107851
107855
107856
107858
107859
107862
107863
107864
107866
107867
107868
107870
107871
107872
107875
107877
107878
10788
107880
107881
107882
107884
107885
107887
10789
107893
107894
107895
107897
107899
1079
107900
107902
107906
107907
107908
107913
107916
107918
10792
107922
107926
107927
107928
107929
10793
107931
107936
107937
107939
107940
107941
107943
107945
107946
107947
107949
107953
107956
107959
10796
107960
107961
107962
107963
107967
107968
107970
107971
107974
107975
107977
107978
107979
10798
107980
107981
107982
107985
107987
107989
107990
107991
107994
107995
107996
107997
107999
108
10800
108000
108001
108003
108005
108006
108007
108008
10801
108011
108013
108017
108021
108022
108023
108024
108025
108031
108033
108036
108037
108039
10804
108040
108042
108047
108048
108050
108051
108052
108053
108055
108058
108059
108062
108063
108064
108065
108068
10807
108070
108071
108073
108074
108075
108079
10808
108080
108081
108082
108083
108084
108085
108086
108087
108089
10809
108090
108092
108093
108094
108096
108098
108099
1081
10810
108100
108103
108105
10811
108110
108111
108112
108115
108116
108119
10812
108120
108122
108123
108125
108126
108127
108128
10813
108130
108131
108133
108134
108136
108139
10814
108140
108141
108143
108144
108145
108146
108147
108148
10815
108153
108155
108156
108157
108158
108159
108160
108161
108162
108163
108164
108166
108167
108168
108169
108173
108178
10818
108180
108181
108183
108186
108187
108188
10819
108196
108197
108199
10820
108200
108201
108203
108206
108207
108208
108209
10821
108210
108211
108212
108215
108216
108219
108223
108224
108225
108226
108227
108228
108229
10823
108230
108231
108233
108234
108235
108236
10824
108241
108242
108243
108244
108245
108246
108249
10825
108250
108251
108253
108254
108255
108256
108257
108259
10826
108264
108265
108266
108267
108270
108271
108272
108275
108276
108277
108278
108279
10828
108280
108281
108289
108292
108293
108294
108295
108298
108300
108301
108302
108303
108305
108306
108307
108309
108311
108312
108314
108315
108316
108317
108321
108323
108325
108328
108329
10833
108330
108332
108333
108334
108335
108336
108339
10834
108342
108343
108345
108346
108347
108348
108349
108350
108351
108352
108353
108354
108356
108359
108360
108361
108363
108364
108366
108367
10837
108372
108375
108377
108378
108379
10838
108380
108382
108383
108384
108385
108386
108389
108391
108392
108395
108399
1084
108400
108402
108403
108404
108407
108408
108409
10841
108410
108411
108413
108414
108415
108419
10842
108420
108422
108423
108424
108425
108428
108429
10843
108431
108432
108433
108434
108435
108436
10844
108440
108441
108442
108443
108444
108445
108446
108447
108448
108449
108451
108452
108453
108455
108456
108458
10846
108461
108462
108464
108467
108468
108469
10847
108472
108474
108475
108476
108478
108479
108480
108481
108483
108485
108487
108490
108491
108493
108494
108495
108496
108497
108498
108499
1085
10850
108501
108502
108503
108504
108505
108508
108509
10851
108510
108512
108513
108515
108516
108517
108520
108521
108523
108524
108525
108527
10853
108532
108533
108535
108536
108537
108538
108540
108541
108542
108543
108544
108545
108546
108548
108549
10855
108550
108552
108553
108554
108556
108557
108559
108560
108562
108563
108565
108566
108569
10857
108570
108571
108573
108574
108578
10858
108584
108585
108586
108587
108588
108591
108594
108596
10860
108601
108603
108609
108610
108611
108612
108613
108615
108618
108619
10862
108624
108625
108626
108627
108628
10863
108632
108633
108634
108635
108636
108638
10864
108640
108642
108643
108644
108645
108648
10865
108650
108651
108654
108657
108659
108661
108662
108663
108666
108668
108670
108671
108675
108679
108680
108681
108682
108683
108685
108686
108687
10869
108690
108691
108692
108693
108699
1087
10870
108702
108705
108707
108708
108709
10871
108710
108712
108714
108715
108717
108718
108720
108722
108723
108725
108727
108728
10873
108731
108734
108735
108736
108737
108738
108739
108741
108747
108751
108752
108754
108755
108756
108757
108759
10876
108760
108761
108762
108763
108764
108765
108767
108768
108769
10877
108771
108772
108773
108775
108776
108777
108778
108780
108781
108784
108788
10879
108790
108791
108792
108795
108796
108798
1088
108800
108803
108805
108807
108808
108809
108812
108817
108818
108821
108822
108823
108824
108825
108826
108828
10883
108831
108833
108834
108835
108836
108837
108839
108840
108841
108842
108843
108844
108845
108849
10885
108850
108851
108852
108854
108855
108856
108857
108860
108861
108869
108870
108872
108873
108876
108877
108878
108882
108884
108886
108888
10889
108890
108891
108892
108893
108896
108898
108899
1089
10890
108900
108903
108906
108908
108911
108914
108915
108916
108917
108918
108919
108920
108926
108927
108928
108932
108934
108936
108937
108938
108940
108941
108943
108945
108947
108949
10895
108951
108953
108954
108958
108959
10896
108960
108961
108964
108966
108968
108972
108974
108976
108977
108978
10898
108982
108985
108986
108988
108993
108995
108998
108999
109
10900
109000
109001
109002
109004
109005
109006
109008
109009
10901
109010
109011
109014
109015
109016
109017
109019
10902
109020
109021
109023
109024
109025
109028
10903
109031
109032
109034
109035
109037
109039
10904
109044
109047
109048
10905
109052
109053
109054
109055
109056
109057
109060
109063
109064
109065
109067
109068
10907
109075
109077
109079
109082
109083
109085
109087
109089
10909
109090
109091
109093
109094
109098
109099
1091
10910
109102
109104
109105
109106
109107
109109
109110
109112
109113
109116
109117
109118
109119
109121
109124
109125
109126
10913
109130
109132
109137
109138
109139
109140
109141
109142
109143
109144
109146
109147
10915
109151
109152
109153
109154
109155
109157
109158
109159
10916
109161
109162
109163
109164
109165
109167
109168
10917
109170
109171
109172
109174
109175
109176
109177
109179
109183
109184
109185
109186
109187
109188
109189
109190
109191
109192
109194
109195
109196
109197
109199
109200
109202
109203
109206
109209
109214
109216
109218
109219
10922
109220
109221
109223
109224
109228
109229
109230
109231
109232
109235
109236
109238
109239
10924
109240
109242
109244
109245
109246
109247
109248
109249
10925
109250
109251
109257
10926
109261
109263
109265
109268
109271
109272
109273
109275
109276
109278
109279
109280
109285
109287
109288
109289
109290
109291
109292
109293
109296
109297
109298
109299
10930
109300
109303
109305
109306
109312
109316
109317
109318
10932
109320
109321
109322
109331
109332
109333
109335
109339
10934
109341
109345
109346
109347
109348
10935
109351
109353
109359
10936
109361
109362
109363
109364
109365
109366
109367
109368
10937
109370
109371
109375
109376
109377
109379
109383
109384
109386
109388
10939
109391
109397
109398
1094
10940
109401
109402
109403
109404
109408
10941
109410
109411
109413
109414
109415
109416
109417
109419
10942
109422
109425
109426
109429
109431
109439
109440
109441
109443
109444
109445
109448
109449
10945
109453
109454
109456
109458
109459
109461
109462
109463
109465
109466
109468
10947
109471
109474
109476
109477
109478
109479
109481
109482
109484
109485
109487
109488
109489
10949
109493
109494
109497
109501
109502
109504
109505
109506
109507
109508
10951
109510
109511
109512
109513
109515
109516
109517
109519
10952
109520
109521
109522
109523
109524
109525
109528
10953
109530
109533
109534
109536
109539
10954
109541
109542
109546
109547
109549
109552
109553
109554
109555
109557
109558
109559
109560
109561
109563
109565
109566
109567
109569
10957
109570
109571
109573
109574
109575
109576
10958
109584
109585
109586
109587
109588
109589
10959
109591
109592
109593
109596
109597
109598
1096
10960
109600
109601
109603
109605
109606
109607
109608
109611
109615
109616
109617
109618
109619
10962
109623
109624
109625
109627
109628
109630
109631
109634
109636
109638
109639
10964
109640
109641
109642
109643
109644
109647
109648
109649
10965
109650
109651
109652
109654
109657
109658
109659
109660
109661
109662
109664
109665
109666
10967
109670
109671
109672
109673
109675
109676
109677
109680
109681
109683
109685
109687
109688
109689
10969
109690
109691
109693
109694
109696
109698
109699
10970
109701
109703
109704
109705
109706
109711
109712
109714
109717
10972
109720
109723
109729
109731
109733
109735
109738
109739
10974
109740
109741
109742
109743
109745
109748
109749
10975
109750
109751
109752
109753
109754
109755
109757
109758
109759
10976
109762
109765
109768
109769
10977
109770
109772
109774
109775
109776
109779
10978
109781
109783
109784
109785
109786
109787
109788
109789
10979
109790
109791
109792
109794
109795
109796
109797
10980
109800
109801
109802
109804
109805
109808
10981
109812
109813
109814
109818
10982
109820
109823
109828
109829
10983
109830
109831
109832
109835
109836
109837
10984
109842
109844
109845
109846
109849
10985
109851
109855
109856
109859
10986
109861
109862
109863
109864
109866
109867
109869
109874
109876
109877
109878
109879
10988
109880
109881
109883
109884
109885
109886
109888
109889
10989
109890
109891
109896
109898
109899
1099
10990
109900
109901
109905
109906
109907
109908
10991
109910
109916
109917
109918
109919
10992
109922
109923
109924
109925
109926
109927
109928
109929
109930
109931
109936
109937
10994
109942
109943
109945
109946
109947
109948
109950
109952
109953
109954
109958
109960
109963
109964
109965
109967
109968
10997
109970
109971
109972
109973
109974
109977
109978
109979
10998
109980
109981
109982
109985
109987
109988
10999
109990
109992
109994
109996
109997
109998
109999
110
110001
110002
110004
110005
110008
11001
110010
110011
110015
11002
110021
110022
110023
110025
110028
110030
110033
110034
110035
110036
110039
11004
110043
110045
110046
110048
110049
110056
110057
110058
110059
110060
110064
110066
110068
110072
110073
110075
110076
110078
110079
110080
110082
110083
110087
110088
110090
110091
110093
110095
110097
110100
110103
110105
110106
110108
110109
11011
110110
110111
110113
110116
110119
110120
110123
110127
110128
110129
11013
110132
110133
110134
110136
110137
110138
110141
110143
110144
110146
110149
11015
110150
110151
110152
110153
110154
110156
110157
110158
110159
11016
110160
110162
110164
110165
110166
110168
110169
11017
110170
110171
110173
110176
110177
110178
110182
110186
110187
110188
110189
110191
110192
110197
110198
1102
110200
110201
110206
110208
11021
110211
110213
110214
110215
110219
11022
110220
110222
110229
110232
110233
110236
110237
110239
11024
110240
110241
110242
110244
110246
110248
110249
11025
110253
110254
110255
110257
110259
11026
110260
110261
110262
110263
110264
110266
110267
110268
110269
11027
110270
110271
110272
110273
110274
110276
110277
110280
110282
110283
110284
110285
110286
110287
11029
110291
110292
110293
110294
110296
110298
1103
11030
110300
110303
110304
110305
110308
11031
110310
110311
110312
110313
110315
110316
110318
110319
11032
110324
110326
110327
110330
110331
110332
110333
110335
110336
110337
110338
110339
11034
110340
110341
110345
110347
110349
11035
110351
110352
110354
110356
110357
110359
11036
110362
110363
110365
110366
110367
110368
110370
110371
110372
110373
110375
110376
110378
110380
110382
110383
110384
110386
110387
110388
110389
11039
110395
110396
110399
1104
110401
110402
110404
110409
110411
110413
110414
110417
110418
11042
110420
110421
110424
110426
110428
11043
110430
110431
110432
110435
110436
110437
110439
110441
110442
110443
110444
110446
110448
110449
110450
110453
110456
110457
110462
110464
110466
110469
110470
110472
110473
110474
110475
110478
11048
110480
110481
110482
110483
110484
110485
110486
110487
110488
110489
110490
110492
110493
110496
11050
110500
110502
110507
110508
110510
110511
110512
110513
110514
110515
110517
110518
110519
110520
110521
110524
110529
11053
110533
110534
110535
110536
110538
110539
110540
110541
110542
110545
110547
110549
11055
110553
110554
110555
110557
110559
11056
110564
110567
110568
11057
110571
110573
110576
110577
110578
110579
11058
110580
110581
110584
110585
110586
11059
110590
110591
110593
110595
110596
110598
110599
11060
110600
110601
110602
110603
110604
110605
110607
110608
110609
110612
110613
110614
110618
110620
110621
110622
110625
110626
110627
110629
110631
110632
110633
110634
110635
110637
110638
110640
110649
11065
110651
110653
110655
110656
110657
110658
11066
110660
110661
110662
110665
110667
110668
11067
110670
110671
110675
110677
110679
11068
110680
110683
110685
110686
110687
110689
11069
110690
110691
110692
110693
110694
110695
110699
1107
11070
110700
110703
110704
110705
11071
110710
110712
110713
110714
110715
110717
110719
11072
110720
110721
110722
110723
110724
110725
110726
110732
110734
110736
110737
110738
110739
11074
110742
110744
110746
110747
110748
110749
110750
110752
110753
110754
110755
110756
110758
110759
11076
110760
110761
110762
110764
110766
110767
110768
110769
110771
110773
110774
110777
11078
110780
110782
110783
110785
110786
110787
110788
11079
110790
110791
110793
110795
110796
1108
11080
110800
110802
110804
110805
110806
110807
110808
110809
11081
110811
110812
110813
110816
110818
110819
11082
110820
110822
110825
110827
110828
110829
110830
110832
110835
110837
110839
110840
110842
110843
110847
110848
110852
110853
110854
110855
110856
110857
110858
110859
110860
110861
110862
110864
110866
110867
110869
110873
110874
110876
110877
110879
11088
110880
110881
110887
11089
110891
110892
110893
110894
110895
110897
11090
110901
110903
110905
110906
110907
110909
110910
110911
110912
110914
110916
110917
110918
110919
110921
110922
110923
110924
110927
110929
11093
110932
110936
110937
110938
110940
110942
11095
110950
110951
110952
110953
110954
110958
110959
11096
110960
110961
110962
110963
110964
110966
110967
110969
110970
110973
110975
110979
11098
110980
110983
110986
110987
110988
110989
110990
110995
110996
110997
110998
110999
11100
111000
111005
111006
111007
111009
111010
111011
111013
111018
111019
111020
111021
111022
111023
111024
111025
111029
111033
111035
111036
111037
111038
111039
111041
111042
111043
111044
111047
111048
111050
111052
111053
111056
111057
111059
111063
111065
111066
111067
111068
111069
111070
111072
111074
111075
111076
111078
11108
111080
111084
111088
111090
111093
111095
111098
111099
1111
11110
111100
111102
111103
111104
111107
111109
11111
111110
111112
111113
111115
111117
111119
11112
111121
111123
111125
111126
11113
111131
111135
111137
111139
11114
111140
111143
111145
111148
111149
111150
111151
111153
111157
111159
111160
111163
111165
111167
11117
111174
111175
111176
111178
111183
111184
111185
111188
111190
111193
111195
111196
111197
111199
1112
11120
111201
111204
111205
111208
111211
111212
111213
111214
111215
111216
111217
111218
111219
11122
111220
111224
111228
111233
111234
111237
111239
11124
111243
111246
111247
111248
111249
11125
111252
111257
111258
11126
111260
111262
111264
111265
111266
111267
111269
111270
111271
111272
111273
111275
111276
111277
111278
111279
11128
111280
111281
111282
111284
111287
111288
111289
11129
111291
111294
111296
111298
111299
111300
111301
111302
111305
111309
111312
111313
111314
111315
111316
111317
11132
111320
111321
111323
111326
111329
11133
111330
111331
111332
111335
111337
11134
111340
111341
111343
111344
111345
111346
111348
11135
111353
111355
111356
111357
111359
11136
111360
111362
111363
111364
111365
111366
111367
111371
111372
111373
111375
111376
111377
111378
111379
11138
111380
111381
111383
111385
111386
111387
111388
11139
111390
111391
111392
111393
111394
111395
111397
111398
1114
111400
111402
111404
111405
111408
11141
111410
111412
111413
111414
111416
111417
11142
111420
111422
111424
111428
11143
111430
111431
111432
111433
111434
111435
111436
111437
11144
111440
111444
111447
111449
111451
111452
111453
111456
111457
111459
11146
111460
111462
111463
111464
111465
111466
111467
111468
111469
11147
111470
111472
111473
111474
111476
111477
111479
111481
111482
111484
111486
111487
111488
111489
111491
111492
111493
111497
111498
111499
1115
11150
111502
111504
111507
111508
111509
111511
111512
111515
111516
111523
111525
111526
111527
111528
111529
111530
111533
111534
111535
111538
111539
111540
111542
111543
111547
111548
111549
11155
111551
111552
111553
111554
111557
111559
11156
111560
111561
111563
111565
111566
111567
11157
111570
111572
111574
111575
111576
111577
111578
11158
111585
111586
111587
111588
111589
111592
111593
111594
111595
111597
111599
1116
11160
111601
111604
111606
111607
11161
111610
111611
111612
111613
111614
111616
111619
111620
111621
111623
111624
111625
111627
111628
111629
11163
111631
111633
111635
111638
111639
111640
111641
111643
111644
111646
111648
111649
11165
111652
111653
111656
111657
111658
11166
111660
111664
111667
111668
111672
111673
111674
111675
111677
111679
111680
111681
111682
111683
111685
111686
111687
11169
111690
111693
111696
111699
1117
11170
111701
111705
111707
11171
111711
111712
111716
111717
111718
111720
111721
111723
111729
111730
111732
111733
111735
111736
111737
111738
111739
11174
111740
111742
111743
111746
111747
11175
111754
111757
111758
111759
111761
111762
111764
111765
111766
111767
111769
11177
111770
111771
111773
111774
111775
111776
111780
111783
111784
111785
111786
111787
11179
111790
111791
111793
111794
111795
111797
111799
1118
11180
111800
111801
111803
111806
111807
111809
111810
111813
111814
111816
11182
111820
111823
111825
111827
111828
111829
11183
111831
111833
111836
111839
11184
111841
111842
111844
111845
111846
111849
11185
111852
111856
111857
111859
11186
111860
111862
111865
111866
111868
111869
111870
111871
111873
111874
111875
111879
111880
111881
111882
111885
111888
111891
111894
111896
111898
1119
111900
111901
111903
111905
111907
111908
11191
111910
111911
111916
111919
11192
111921
111922
111924
111925
111926
111927
111928
11193
111931
111933
111934
111936
111937
111941
111942
111945
111947
111952
111953
111954
111955
111957
111958
111959
111960
111962
111964
111966
111967
111968
111969
111970
111974
111975
111978
111979
111980
111981
111984
111985
111986
111987
111989
11199
111990
111991
111993
111994
111995
111997
111998
111999
112
112000
112004
112005
112006
112007
112008
112009
11201
112012
112015
112016
112017
112018
11202
112021
112022
112023
112024
112026
112027
112030
112031
112032
112033
112034
112035
11204
112043
112044
112045
112046
112049
11205
112054
112055
112056
112059
11206
112061
112062
112063
112064
112066
112067
112068
11207
112070
112071
112073
112077
112078
112079
11208
112081
112083
112085
112086
11209
112090
112092
112096
112098
11210
112100
112103
112105
112106
112109
11211
112112
112113
112114
112115
112117
112118
11212
112120
112125
112126
11213
112130
112131
112133
112136
112137
112139
112142
112144
112145
112146
112147
112149
112151
112152
112153
112155
112158
112159
11216
112161
112163
112164
112165
112166
112168
112169
112170
112172
112175
112176
112178
112181
112183
112184
112185
112186
112189
112191
112192
112194
112196
112198
112199
1122
11220
112202
112203
112204
112207
11221
112210
112211
112213
112215
112218
112220
112221
112222
112223
112224
112225
112229
112232
112234
112236
112237
112238
112239
11224
112241
112244
112247
112249
11225
112250
112251
112253
112254
112257
112258
11226
112264
112265
112266
11227
112271
112274
112275
112277
112278
112279
112281
112283
112284
112285
112286
112288
112289
11229
112291
112293
112296
112297
1123
11230
112301
112302
112306
112307
112308
112311
112313
112314
112316
112319
112321
112322
112323
112324
112325
112327
112328
112329
112330
112332
112333
112335
112336
112338
112339
112341
112342
112343
112344
112347
112348
11235
112352
112354
112356
112357
112358
112359
11236
112360
112362
112363
112367
112368
112369
11237
112370
112371
112372
112374
112375
112376
112379
112380
112382
112385
112387
112389
112390
112391
112396
112397
112399
112400
112402
112403
112404
112405
112406
112407
112408
112409
11241
112410
112413
112414
112415
112416
112417
112419
11242
112422
112423
112426
112427
112428
112429
112433
112434
112439
112440
112441
112442
112445
112446
112447
112450
112452
112453
112456
112458
112459
11246
112461
112462
112463
112465
11247
112470
112471
112472
112473
112474
112479
112481
112482
112483
112485
112486
112487
112488
112489
11249
112490
112492
112493
112494
112495
112497
112498
1125
11250
112501
112503
112504
112505
112508
112509
11251
112511
112512
112513
112514
112515
112516
112518
112519
112524
112525
112526
112527
11253
112531
112533
112534
112536
112538
112539
11254
112540
112541
112542
112543
112546
112550
112551
112553
112554
112555
112557
11256
112561
112563
112564
112565
112568
112569
112571
112574
112575
112577
112579
112580
112586
112588
11259
112591
112594
112595
112598
112599
1126
11260
112601
112602
112604
112605
112606
112607
112608
112609
112611
112612
112614
112615
112616
112617
112618
112619
112620
112621
112623
112624
112625
112626
112627
112628
11263
112631
112632
112634
112635
112637
112638
112639
112640
112641
112642
112643
112644
112646
112648
112649
11265
112652
112653
112655
112656
112657
112658
11266
112662
112663
112669
11267
112670
112672
112673
112675
112678
11268
112683
112684
112685
112686
112687
112688
112689
11269
112691
112692
112693
112696
112698
112700
112702
112705
112706
112711
112712
112713
112715
112716
112720
112721
112722
112725
112726
112727
112728
112729
11273
112730
112731
112737
112739
11274
112741
112742
112744
112745
112746
112747
112748
112749
112751
112752
112754
112755
112756
112757
112759
112760
112761
112764
112765
112766
112767
11277
112770
112773
112774
112775
112777
112779
112781
112783
112785
112787
112788
112796
112797
112798
112799
1128
112800
112802
112803
112805
112806
112807
112808
11281
112810
112811
112812
112813
112814
112816
112818
112819
112820
112821
112828
112829
11283
112830
112834
112837
112840
112841
112842
112843
112844
112845
112846
112848
112849
11285
112852
112853
112855
112856
112857
112858
112859
11286
112860
112861
112862
112864
112866
112867
11287
112870
112871
112872
112875
112876
112879
11288
112880
112881
112882
112885
112886
112887
112888
11289
112892
112897
112898
112899
112903
112904
112905
112906
112908
112910
112911
112913
112914
112915
112916
11292
112922
112923
112924
112925
112926
112927
112931
112932
112933
112939
112940
112941
112942
112944
112945
112946
112947
112948
11295
112951
112952
112953
112956
112957
112959
112960
112965
112968
112969
11297
112970
112971
112974
112975
112976
112978
112979
112981
112982
112983
112986
112992
112993
112994
112995
112996
112998
112999
113
11300
113000
113002
113003
113004
113006
113007
113009
11301
113010
113011
113013
113014
113016
11302
113020
113022
113023
113026
113027
113028
113032
113033
113035
113037
113038
113040
113042
113045
113046
113049
11305
113050
113051
113053
113054
113055
113057
113058
11306
113060
113061
113063
113066
113069
11307
113070
113071
113072
113073
113074
113075
113076
113077
113078
113079
11308
113080
113081
113083
113084
113086
113087
113088
113089
11309
113091
113093
113094
113096
113098
1131
11310
113104
113106
113108
113109
11311
113112
113113
113115
113117
113121
113122
113123
113124
113125
113126
113127
113128
113129
113130
113131
113132
113134
113135
113138
113139
113142
113143
113145
113146
113147
113148
113149
11315
113150
113153
113156
113157
113158
11316
113160
113162
113165
113166
113168
113169
113172
113175
113177
11318
113180
113181
113182
113184
113185
113189
11319
113190
113191
113195
113197
1132
113200
113201
113202
113203
113206
113208
113209
113212
113214
113217
113219
113223
113226
113227
113228
113233
113234
113236
113237
113239
11324
113246
113249
11325
113251
113252
113256
113257
113259
113260
113262
113263
113266
11327
113270
113272
113273
113274
113276
113277
113278
11328
113283
113286
113287
11329
113291
113292
113295
113296
1133
113301
113302
113303
113304
113309
11331
113310
113312
113314
113318
113320
113321
113322
113323
113328
11333
113330
113331
113334
113335
113336
113337
113338
113339
113340
113343
113344
113346
11335
113350
113351
113352
113353
113354
113355
113356
11336
113361
113363
113364
113365
113366
113367
113368
113369
11337
113373
113374
113375
113377
113379
11338
113381
113385
113387
113388
11339
113390
113394
113395
113396
113399
11340
113400
113402
113405
113406
113408
113409
113410
113411
113412
113414
113416
113417
113418
113420
113421
113422
113423
113425
113426
113428
113429
113430
113431
113434
11344
113441
113443
113444
113445
113448
113450
113451
113452
113453
113456
113458
113459
11346
113462
113463
113465
113467
113468
113469
113471
113474
113475
113476
113479
113480
113481
113482
113484
113486
113489
113490
113493
113494
113495
113496
113497
113499
11350
113501
113502
113503
113504
113505
113506
113507
113508
113509
113510
113513
113514
113516
113521
113522
113523
113527
113530
113532
113533
113537
113539
113540
113541
113542
113544
113545
113547
113548
113549
113553
113554
113556
113559
11356
113560
113562
113565
113567
113568
11357
113570
113574
113575
113577
113578
113581
113582
113583
113586
113590
113591
113594
113598
113600
113602
113603
113606
113607
113609
11361
113612
113613
113614
113618
113619
11362
113620
113621
113624
113625
113626
113627
113629
113633
113634
113635
113638
11364
113640
113641
113644
113645
113647
113648
113649
113650
113651
113652
113654
113655
113656
113657
113658
11366
113662
113663
113665
113666
113669
11367
113670
113671
113672
113673
113675
113678
113679
113681
113682
113683
113685
113686
113687
113688
11369
113690
113692
113694
113695
113699
1137
113700
113702
113703
113704
113706
113707
113709
113710
113711
113712
113714
113715
113718
11372
113720
113721
113723
113726
113728
113729
113731
113732
113735
113736
113737
113738
113739
113743
113744
113746
113748
11375
113750
113751
113753
113754
113755
113757
113758
113759
11376
113763
113766
113767
11377
113773
113774
113775
113779
113781
113783
113784
113785
113790
113791
113793
113794
113795
113797
113800
113801
113802
113805
113808
11381
113810
113811
113812
113813
113814
113815
113819
11382
113820
113821
113824
113825
113828
113829
113830
113831
113832
113833
113837
113839
113840
113841
113843
113846
113847
113848
113849
113850
113852
113853
113854
113856
113857
113859
11386
113861
113862
113865
113866
113867
113868
11387
113870
113871
113877
113878
113879
113880
113881
113886
113887
11389
113890
113893
113897
113898
113899
113900
113902
113903
113905
113907
11391
113911
113912
113914
113915
113918
11392
113920
113921
113924
113926
113928
113929
11393
113933
113934
113936
113937
113938
113939
11394
113940
113941
113942
113943
113946
113949
11395
113951
113953
113955
113957
113958
113959
11396
113960
113961
113963
113964
113965
113967
113969
113971
113974
113976
113977
113978
113982
113983
113984
113985
113986
113989
11399
113990
113991
113997
113999
1140
114000
114001
114002
114003
114004
114005
114009
114012
114013
114015
114016
114017
114018
114019
114020
114021
114022
114023
114024
114025
114026
114028
11403
114033
114034
114035
114036
114038
11404
114040
114041
114045
11405
114050
114051
114052
114054
114059
11406
114061
114064
114065
114066
114067
114068
114069
11407
114071
114072
114073
114075
114078
114079
11408
114080
114082
114085
114086
11409
114090
114091
114093
114096
114097
114098
114099
11410
114101
114102
114103
114104
114106
114107
114108
114109
11411
114111
114112
114115
114117
114119
11412
114121
114122
114124
114125
114126
114127
114128
114132
114135
114136
114139
114141
114144
114146
114147
114148
114151
114153
114158
114159
11416
114160
114161
114162
114163
114164
114165
114166
114169
11417
114171
114174
114176
114177
114178
114179
11418
114181
114182
114183
114185
114189
11419
114193
114194
114195
114198
1142
114200
114201
114204
114205
114207
114209
114213
114216
114217
114218
114219
11422
114220
114227
114228
114230
114231
114233
114234
114235
114236
114239
11424
114240
114241
114244
114245
114247
11425
114250
114251
114254
114255
114258
114259
114263
114264
114265
114268
11427
114270
114271
114272
114274
114275
114277
114278
114279
114280
114281
114282
114283
114284
114286
114288
114289
11429
114291
114295
114296
114298
114299
1143
11430
114300
114301
114302
114303
114304
114305
114307
114308
11431
114310
114312
114313
114314
114317
114319
114322
114324
114329
114330
114331
114335
114336
114337
114338
114339
11434
114341
114345
114346
11435
114350
114352
114353
114355
114356
114357
11436
114360
114361
114362
114364
114366
114367
114368
114369
114370
114372
114373
114375
114376
114380
114381
114382
114383
114384
114385
114386
114389
11439
114390
114391
114392
114395
114396
11440
114400
114401
114402
114406
114407
114408
114410
114411
114413
114415
114416
114418
114419
114421
114423
114424
114425
114427
114429
114430
114437
114439
11444
114440
114441
114442
114443
114445
114448
114449
11445
114451
114452
114453
114454
114455
114458
114459
114460
114461
114462
114463
114466
114467
114468
114469
11447
114470
114471
114474
114475
114476
114477
11448
114480
114481
114486
114487
114489
114490
114495
114496
114498
114499
1145
114501
114502
114503
114504
114505
114506
114507
114509
11451
114511
114513
114514
114515
114517
114518
11452
114521
114523
114525
114528
11453
114530
114531
114534
114535
114539
114540
114541
114544
114545
114546
114547
114548
11455
114551
114552
114557
114558
11456
114562
114563
114565
114566
114567
114568
114573
114574
114576
11458
114581
114582
114583
114584
114585
114589
11459
114591
114592
114594
114598
114599
1146
11460
114600
114605
114609
11461
114610
114616
114617
114618
114619
11462
114620
114621
114622
114624
114626
11463
114630
114631
114632
114633
114634
114636
114637
114638
114639
114640
114642
114643
114646
114647
11465
114653
114654
114658
114659
114660
114662
114663
114664
114667
114668
114669
11467
114670
114671
114672
114673
114674
114675
114676
114678
114679
114680
114681
114682
114683
114685
114687
114689
114692
114694
114695
114697
114698
114699
11470
114702
114703
114704
114706
114707
114708
11471
114713
114714
114715
114716
114717
114718
114719
114720
114721
114722
114724
114726
114727
114728
11473
114731
114732
114734
114736
114738
11474
114743
114744
114745
114747
114748
114749
114752
114755
114757
114758
114759
11476
114762
114763
114764
114766
114767
11477
114772
114776
114778
114779
11478
114780
114782
114783
114784
114786
114789
114791
114792
114793
114794
114796
114798
11480
114800
114803
114804
114805
114808
114813
114817
114818
114819
11482
114820
114821
114823
114824
114828
11483
114832
114833
114835
114838
114839
114840
114841
114842
114846
114847
114848
114849
11485
114850
114853
114854
114856
114858
114859
114861
114862
114864
114866
114867
114868
114869
11487
114871
114872
114874
114878
114879
11488
114880
114881
114884
114885
114886
114888
114889
11489
114890
114891
114893
114896
114897
114898
11490
114900
114902
114904
114905
114906
114907
114911
114912
114913
114914
114916
114919
11492
114920
114922
114927
114929
11493
114931
114932
114935
114936
114938
11494
114940
114941
114943
114944
114945
114946
114947
114948
114949
114950
114952
114953
114955
114956
114957
114959
11496
114960
114961
114962
114963
114968
114970
114971
114973
114974
114975
114976
114978
114979
114981
114982
114983
114984
114985
114986
114987
114989
11499
114991
114992
114993
114994
114995
114996
114997
114999
1150
115000
115002
115004
115005
115008
11501
115013
115014
115016
115017
115018
115020
115021
115023
115024
115026
115028
115029
115030
115031
115033
115034
115035
115036
115037
115042
115043
115046
11505
115050
115051
115055
115056
115058
115059
11506
115061
115065
115067
115068
11507
115071
115076
115077
115079
11508
115080
115081
115084
115085
115086
115090
115093
115094
115097
115098
115099
11510
115100
115102
115103
115106
115107
11511
115111
115112
115113
115114
115115
115116
115118
115119
11512
115120
115124
115125
115126
115129
115130
115131
115132
115133
115136
115139
115140
115141
115144
115145
115147
115149
11515
115150
115151
115154
115156
11516
115160
115161
115163
115164
115165
115167
115169
115170
115177
115178
115181
115187
11519
115192
115195
115199
1152
115201
115202
115204
115205
115206
115208
11521
115211
115212
115213
115215
115217
115218
115219
11522
115220
115221
115222
115223
115224
115225
115226
115227
115228
11523
115230
115232
115236
11524
115240
115243
115245
115249
11525
115250
115251
115252
115254
115255
115256
115257
115259
115260
115262
115263
115268
115269
11527
115273
115279
115280
115281
115285
115286
115289
11529
115290
115291
115292
115295
115297
1153
11530
115300
115303
115304
115305
115306
115307
115308
115309
115310
115311
115312
115314
115315
11532
115322
115323
115325
115326
115327
115328
115329
11533
115330
115332
115335
115337
115338
115339
11534
115341
115344
115345
115347
115349
11535
115350
115351
115352
115353
115355
115357
115362
115363
115365
115366
115367
115369
115370
115373
115374
115375
115376
115378
11538
115380
115381
115382
115383
115384
115385
115386
115387
115388
11539
115390
115391
115394
115395
115396
115397
115399
1154
11540
115400
115401
115402
115405
115407
115409
115410
115411
115413
115415
115416
115417
115419
11542
115420
115421
115422
115429
11543
115430
115431
115433
115436
115437
115439
11544
115441
115445
115449
115451
115452
115453
115457
115459
115460
115463
115464
115465
115466
115467
115468
11547
115471
115474
115475
115476
115477
115479
115480
115485
115489
11549
115491
115492
115493
115494
115495
115499
1155
115502
115506
115508
115510
115511
115513
115515
115517
115518
115519
11552
115521
115522
115523
115525
115526
115528
115532
115533
115534
115535
115536
115538
115539
11554
115540
115543
115545
115547
115550
115551
115552
115554
115555
115556
115558
115559
11556
115560
115561
115564
115566
115569
115570
115572
115577
115578
115579
115580
115584
115585
115589
11559
115591
115593
115594
115597
115598
115599
11560
115602
115603
115604
115605
115606
115609
115612
115613
115615
115617
11562
115621
115622
115623
115624
115625
115626
115634
115637
115639
11564
115641
115643
115646
115652
115654
115658
115659
115661
115665
115667
115669
11568
115680
115681
115684
115686
115688
115689
115690
115691
115692
115695
115696
11570
115701
115702
115704
115706
115707
115708
115709
11571
115712
115713
115714
115715
115719
115720
115722
115723
115725
115728
115729
115730
115732
115733
115736
115737
115740
115741
115743
115744
115745
115747
115748
115749
115750
115751
115752
115753
115754
115756
115758
115759
115760
115764
115765
115766
115768
115772
115774
115775
115776
115778
115779
11578
115780
115783
115784
115790
115793
115797
115799
1158
11580
115800
115801
115805
115806
115807
115808
115809
11581
115811
115812
115815
115816
115817
115818
115819
11582
115820
115821
115822
115828
115829
11583
115831
115833
115835
115836
115838
11584
115845
115847
115848
115849
115851
115852
115854
115857
115858
11586
115860
115865
115866
115868
11587
115873
115874
115876
115877
115878
115880
115884
115886
115887
115889
11589
115892
115895
115896
115898
1159
115901
115902
115904
115907
115908
11591
115910
115912
115913
115914
115915
115917
115919
11592
115921
115922
115923
115925
115927
115928
11593
115932
115933
115938
11594
115942
115943
115944
115945
115948
115952
115958
115959
11596
115962
115964
115965
115966
115967
115968
11597
115971
115972
115973
115974
115977
115979
11598
115985
115986
115987
115988
115989
11599
115991
115992
115993
115995
1160
11600
116005
11601
116011
116012
116013
116016
116018
116019
116026
116027
116028
116029
116032
116037
11604
116041
116043
116044
116045
116046
116048
116050
116051
116052
116053
116056
116057
116058
116060
116061
116064
116065
116067
116069
11607
116070
116071
116075
116076
116077
116079
11608
116080
116082
116083
116084
116086
116087
116089
11609
116091
116093
116094
116097
116099
1161
116102
116104
116105
116106
116107
116109
116114
116115
116117
116118
116119
11612
116123
116124
116129
11613
116134
116135
116137
116138
116139
11614
116140
116141
116142
116143
116146
116148
116151
116154
116158
11616
116160
116162
116164
116165
116166
116169
116171
116173
116174
116175
116177
116179
11618
116181
116182
116185
116186
116187
116188
116191
116192
116193
116197
116198
1162
116200
116202
116204
116205
116207
116208
11621
116210
116211
116212
116213
116220
116221
116223
116224
116227
116228
116229
116230
116233
116234
116237
116238
116240
116247
116248
116249
116253
116254
116255
116256
116257
116258
116259
11626
116260
116262
116263
116264
116265
116269
116273
116278
11628
116280
116281
116283
116285
116286
116287
116288
116289
116290
116291
116292
116293
116294
116296
116300
116302
116303
116306
116308
116309
11631
116311
116313
116314
116315
116317
116321
116322
116323
116324
116328
116329
116330
116332
116333
116335
116344
116345
116346
116347
116348
116349
116352
116353
116355
116358
116359
11636
116360
116362
116363
116367
116368
116369
116370
116371
116373
116374
116375
116376
116378
116379
116380
116381
116383
116388
11639
116391
116392
116393
116394
116395
116397
116398
1164
116401
116402
116403
116404
116407
11641
116410
116411
116412
116414
116417
116419
11642
116422
116424
116426
116427
116428
116431
116435
116437
11644
116442
116444
116449
116450
116452
116453
116454
116455
116456
116458
11646
116460
116467
116468
11647
116474
116479
116481
116482
116484
116486
116490
116491
116494
116495
116496
116497
11650
116503
116508
11651
116510
116512
116516
116517
116523
116524
116525
116526
116528
116531
116532
116534
116537
116538
11654
116546
116547
11655
116550
116552
116553
116554
116557
116559
11656
116560
116563
116564
11657
116570
116572
116573
116575
116578
116579
11658
116581
116587
116589
11659
116590
116592
116593
116594
116596
116598
116601
116604
116605
116608
11661
116611
116612
116614
116615
116616
116618
11662
116620
116621
116622
116627
116628
116629
11663
116631
116635
116636
116638
11664
116641
116644
116645
116646
116648
11665
116650
116652
116654
116655
116656
116657
116658
116659
11666
116660
116661
116662
116663
116664
116665
116666
116668
11667
116670
116671
116672
116674
116675
116676
116677
116678
116679
116682
116683
116684
116686
116687
116689
11669
116690
116693
116695
116698
1167
11670
116700
116703
116704
116705
116708
11671
116710
116712
116714
116715
116716
116717
116718
116719
116721
116722
116727
116729
116730
116731
116732
116734
116741
116742
116746
116747
116748
116749
11675
116753
116755
116756
116757
116758
116759
116760
116761
116762
116763
116764
116769
11677
116770
116771
116774
116775
116776
11678
116780
116781
116783
116784
116788
116789
116790
116792
116796
116797
116798
116799
11680
116802
116803
116804
116806
116807
11681
116810
116811
116812
116813
116814
116815
116816
116817
116818
116819
11682
116821
116822
116823
116824
116826
116828
116829
116831
116833
116834
116835
116837
116838
11684
116840
116842
116843
116844
116845
116848
11685
116850
116852
116854
116855
116857
116859
116862
116863
116865
116867
116869
11687
116871
116874
116878
116879
11688
116881
116882
116883
116884
116885
116887
11689
116890
116891
116893
116894
116895
116896
116899
1169
116900
116901
116903
116904
116906
116907
116908
116911
116912
116914
116916
116918
116921
116922
116924
116927
116928
116929
11693
116930
116932
116933
116934
116935
116936
116937
116938
116939
11694
116940
116945
116946
116948
116949
116951
116952
116953
116954
11696
116962
116963
116964
116966
116967
116968
116969
116972
116973
116974
116975
116977
116979
11698
116980
116981
116982
116984
116986
116987
116988
116989
11699
116990
116991
116992
116993
116995
116996
116997
116998
1170
11700
117001
117002
117006
117007
117008
11701
117010
117011
117013
117015
117018
117019
117020
117022
117023
117026
117027
117031
117032
117034
117035
117037
117040
117042
117043
117044
117045
117046
117047
117048
117049
117050
117051
117054
117056
117057
117058
117059
11706
117060
117062
117065
117066
117067
117068
117069
117071
117073
117078
117079
11708
117081
117084
117087
117088
117089
11709
117091
117092
117094
117097
1171
11710
117100
117102
117104
117105
117106
117107
117111
117112
117116
117117
117118
117119
117120
117123
117124
117125
117126
117130
117132
117134
117137
117139
117143
117144
117146
117147
117148
117149
117150
117151
117154
117157
117159
11716
117163
117165
117166
117169
117170
117172
117173
117174
117176
117179
11718
117180
117181
117182
117183
117186
117187
117188
117190
117191
117192
117193
117194
117195
117196
117197
117202
117203
117204
117206
117210
117211
117212
117214
117216
117217
117218
117220
117221
117223
117225
117228
117229
11723
117230
117232
117233
117240
117241
117242
117243
117244
117245
117246
117252
117254
117255
117257
117258
117259
117260
117261
117262
117265
117267
117269
117270
117271
117272
117274
117275
117276
117277
117278
117280
117282
117283
117284
117286
117287
117294
117295
117297
117299
1173
11730
117301
117303
117305
117306
117309
11731
117310
117311
117312
117313
117314
117315
117317
117318
117319
117320
117321
117326
117330
117333
117336
117337
117338
117339
117341
117343
117345
11735
117353
117354
117356
117357
11736
117360
117361
117362
117363
117365
117366
117367
117368
117370
117371
117372
117374
117376
117377
117378
11738
117380
117381
117387
117388
117389
117390
117391
117396
117398
117400
117401
117403
117404
117409
11741
117410
117411
117413
117417
117418
117419
117421
117423
117425
117426
117427
117428
117429
11743
117430
117431
117432
117433
117434
117435
117437
117439
11744
117440
117442
117444
117445
117447
117449
117450
117454
117456
117457
117458
11746
117460
117462
117463
117466
117467
117469
117470
117471
117473
117476
117477
117478
117479
11748
117482
117483
117489
11749
117490
117491
117492
117493
117495
117496
117497
117498
117500
117501
117502
117503
117505
117507
117509
117510
117511
117513
117514
117515
117516
11752
117520
117521
117525
117529
117530
117534
117535
117536
117540
117541
117542
117543
117544
117545
117547
117549
117550
117551
117552
117553
117554
117556
117557
117558
117559
11756
117561
117562
117563
117566
117568
117569
11757
117570
117571
117573
117577
117578
11758
117582
117583
117584
117585
117587
11759
117590
117591
117593
117595
117596
117598
117599
1176
117602
117603
117605
117608
117609
11761
117610
117611
117612
117613
117614
117615
117616
117618
117619
117620
117621
117625
117626
117627
117630
117631
117634
117635
117637
117639
11764
117641
117644
117646
117647
117648
117649
11765
117653
117655
117656
117659
11766
117660
117662
117663
117664
117665
117667
117669
11767
117670
117673
117677
117678
117682
117685
117687
117688
117689
11769
117690
117693
117695
117696
117697
117698
117699
11770
117700
117703
117705
117706
117707
117708
117709
117710
117711
117712
117714
117715
117718
117719
117722
117725
117730
117732
117735
117736
117738
117742
117743
117744
117747
117748
117749
117751
117752
117754
117755
117757
117758
11776
117760
117762
117763
117764
117765
117766
117768
117769
117770
117773
117774
117775
117776
117779
117780
117781
117782
117784
117786
117787
117789
117791
117793
117795
117798
117799
1178
11780
117800
117801
117802
117804
117806
117807
117808
117809
117810
117812
117813
117814
117815
117817
117818
117819
11782
117822
117823
117824
117825
117826
117829
11783
117831
117833
117836
117837
117838
117839
11784
117841
117842
117843
117844
117845
11785
117850
117851
117852
117853
117855
117857
117858
117859
11786
117862
117863
117867
117870
117873
117874
117875
117876
117877
117878
117879
11788
117880
117881
117882
117883
117884
117887
117888
117889
11789
117890
117891
117893
117895
117899
11790
117900
117901
117903
117907
117908
117911
117912
117913
117914
117915
117917
117920
117921
117922
117923
117924
117925
117926
117932
117933
117934
117936
117937
117938
11794
117941
117945
117946
117949
11795
117952
117953
117954
117957
117958
117959
11796
117965
117968
117969
117970
117971
117973
117975
117976
117977
117979
11798
117985
117986
117987
117988
117989
117990
117992
117998
117999
118
11800
118000
118001
118002
118005
118006
118007
118008
11801
118010
118012
118013
118015
118016
118017
118018
118019
118020
118021
118022
118024
118025
118027
118028
11803
118030
118031
118034
118035
118038
118039
11804
118040
118042
118044
118047
11805
118051
118052
118053
118054
118055
118057
11806
118060
118063
118064
118066
118068
118069
118072
118079
11808
118080
118082
118083
118084
118085
118087
118089
118092
118094
118095
118096
118097
118099
118101
118105
118107
118108
11811
118110
118111
118112
118113
118114
118117
118119
118120
118121
118123
118126
118127
118128
118129
118130
118131
118132
118134
118135
118139
11814
118140
118142
118143
118145
118151
118152
118153
118154
118157
118158
11816
118161
118162
118163
118164
118165
118166
118167
11817
118170
118171
118173
118176
118177
11818
118180
118181
118182
118184
118185
118186
118187
118188
118189
11819
118191
118192
118193
118194
118195
118197
118199
118205
118207
118208
11821
118210
118211
118213
118214
118215
118216
118217
118218
118219
118220
118221
118224
118226
118229
11823
118234
118235
118236
118237
118238
118239
118241
118242
118243
118247
118249
118252
118255
118257
118262
118263
118264
118265
118266
118267
118269
11827
118272
118273
118274
118275
118276
118279
118280
118281
118282
118283
118287
118289
118290
118292
118293
118294
118295
118296
118297
118298
118299
1183
118301
118302
118305
118306
118307
118309
11831
118310
118312
118316
118318
11832
118320
118321
118324
118326
118327
118328
118329
118330
118331
118337
118339
11834
118341
118342
118343
118345
11835
118350
118355
118357
118361
118363
118367
118368
118369
118372
118374
118375
118376
11838
118381
118382
118383
118386
118389
118390
118392
118393
118395
118396
118398
118399
1184
11840
118400
118404
118405
118407
118408
118409
118410
118411
118413
118414
118415
118418
118419
11842
118421
118422
118423
118424
118425
118426
118427
118428
118430
118433
118435
118436
118437
118441
118443
118444
118445
118446
118447
118450
118451
118456
118458
118459
118461
118465
118468
118469
118471
118472
118473
118475
118476
118478
118479
118481
118482
118484
118487
118488
118490
118491
118492
118497
118500
118507
118508
118509
118511
118512
118515
118518
11852
118523
118524
118525
118528
11853
118532
118535
118537
118538
11854
118540
118541
118542
118543
118544
118545
118548
118549
118550
118551
118553
118554
118555
118557
118558
118563
118565
118567
118568
118572
118573
118575
118576
118579
118580
118583
118585
118586
118589
118591
118592
118593
118596
118597
118598
118599
1186
11860
118600
118602
118603
118605
118607
118608
118609
118611
118612
118613
118614
118616
118618
118619
118620
118622
118623
118626
118628
118629
11863
118630
118633
118635
118636
118637
118639
118641
118642
118643
118644
118645
118646
118647
118648
118649
11865
118650
118651
118652
118653
118656
118657
118660
118662
118664
118666
118667
118669
11867
118672
118673
118674
118675
118677
118678
11868
118680
118682
118683
118685
11869
118691
118695
118698
1187
118701
118702
118703
118706
11871
118710
118711
118712
118714
118717
118718
11872
118721
118722
118724
118725
118728
118729
11873
118730
118731
118733
118735
118736
118737
118740
118741
118743
118744
118745
118747
118749
118753
118754
118755
118758
118759
118761
118762
118763
118764
118765
118766
118767
118769
118770
118771
118772
118773
118774
118775
118777
11878
118780
118782
118783
118784
118785
118789
118792
118794
118795
118796
118797
118798
118799
11880
118800
118802
118803
118804
118805
118806
118808
118809
118810
118813
118814
118815
118816
118818
118819
11882
118820
118821
118822
118823
118824
118825
118826
118827
118829
11883
118830
118832
118833
118835
118836
118837
118838
118839
11884
118842
118843
118845
118847
118848
118849
11885
118851
118853
118854
118855
118856
118857
118859
118860
118862
118865
118867
118868
118869
118870
118871
118875
118876
118877
118878
118879
118880
118881
118883
118885
118888
11889
118891
118892
118893
118894
118896
118897
1189
118900
118903
118906
118907
118908
11891
118910
118912
118914
118915
118917
11892
118920
118925
118926
118929
11893
118930
118932
118934
118935
118936
118938
118939
11894
118940
118941
118942
118943
118944
118945
118946
118948
118949
118950
118951
118952
118954
118955
118957
11896
118961
118962
118963
118964
118965
118968
11897
118970
118972
118973
118974
118975
118976
11898
118980
118981
118983
118984
118990
118991
118992
118993
118998
118999
11900
119000
119001
119003
119004
119006
11901
119010
119012
119013
119018
11902
119020
119021
119023
119024
119026
11903
119030
119032
119033
119039
119040
119041
119042
119043
119045
119046
119047
119048
119049
11905
119051
119052
119054
119055
119056
119057
119058
119059
119063
119064
119065
119067
119071
119072
119073
119076
119077
119078
119079
119081
119082
119084
119086
119087
119088
119089
119090
119091
119093
119095
119097
119098
119101
119103
119104
119105
119108
119114
119115
119117
119118
119120
119122
119124
119125
119126
11913
119130
119131
119136
119137
119138
119139
11914
119141
119143
119147
119148
119149
11915
119150
119151
119152
119153
119155
119157
119158
11916
119160
119162
119165
119166
119167
119168
119170
119172
119174
119178
119179
119180
119182
119183
119186
119188
119191
119194
119195
119197
119198
119199
119201
119203
119204
119205
119206
119209
11921
119210
119211
119213
119219
11922
119221
119222
119223
119224
119229
119230
119231
119233
119235
119237
119238
11924
119242
119243
119244
119245
119246
119247
119251
119252
119253
119256
119257
119258
11926
119260
119264
119265
11927
119270
119271
119272
119274
119275
119276
119277
119279
119280
119284
119285
119286
119289
119290
119291
119292
119294
119296
119297
119298
119300
119301
119302
119303
119304
119307
119308
11931
119314
119317
119321
119323
119324
119325
119327
119329
11933
119330
119332
119334
119335
119338
11934
119340
119343
119344
11935
119351
119352
119353
119354
119355
119357
11936
119360
119362
119363
119364
119365
119367
119368
119371
119372
119373
119376
119380
119381
119382
119383
119384
119388
119389
11939
119390
119391
119392
119394
119395
119396
119397
119399
11940
119400
119401
119403
119405
119408
119410
119412
119414
119415
119416
119419
119423
119424
119425
119426
119427
119433
119434
119435
119436
119437
119438
119439
11944
119440
119441
119443
119445
119447
119448
119449
119450
119455
119456
119457
119458
119459
11946
119460
119461
119463
119466
119467
11947
119470
119471
119474
119475
119476
119477
119479
11948
119480
119482
119484
119487
119489
119492
119495
119498
11950
119504
119505
119508
11951
119510
119511
119512
119513
119514
119516
119519
119520
119521
119522
119525
119526
119527
119530
119536
119537
119538
119539
119541
119542
119545
119546
119549
119550
119554
119555
119559
119560
119561
119562
119564
119568
11957
119570
119572
119575
119577
11958
119582
119583
119588
11959
119590
119592
119593
119594
119596
119598
119600
119601
119602
119603
119605
119607
11961
119612
119613
119615
119617
119618
119619
11962
119624
119626
119629
119631
119635
119636
119638
11964
119640
119644
119645
119648
11965
119650
119652
119653
119654
119655
119659
11966
119660
119661
119662
119663
119670
119671
119672
119674
119676
119677
119679
11968
119681
119683
119684
119686
119688
119689
119690
119693
119694
119697
119698
119700
119701
119705
119706
119708
11971
119710
119713
119714
119715
119719
11972
119721
119724
119726
119727
119728
119730
119733
119735
119737
119740
119742
119743
119746
119748
119749
11975
119750
119751
119752
119753
119754
119756
119757
119760
119761
119762
119763
119764
119765
119767
119768
11977
119771
119773
119775
119776
119778
119780
119784
119785
119787
119794
119796
119797
119798
1198
119800
119804
119805
11981
119810
119812
119813
119814
119817
11982
119820
119823
119824
119826
119828
119829
11983
119830
119831
119833
119834
119836
119839
119840
119841
119844
119846
119848
119849
119850
119851
119854
119855
119856
119858
119859
11986
119860
119866
119867
119869
11987
119870
119871
119872
119874
119876
119878
119880
119883
119884
119888
119889
119890
119894
119897
119903
119904
119905
119907
11991
119911
119915
119918
119919
11992
119920
119921
119924
119927
119928
11993
119930
119931
119935
119936
119937
119942
119944
119946
119947
11995
119950
119953
119954
119956
119957
119959
11996
119962
119963
119965
119966
119968
119969
119971
119975
119978
119979
119984
119985
119987
119989
119990
119992
119995
119996
119997
12
120
1200
12000
120001
120003
120004
120006
120007
12001
120010
120012
120013
120016
120018
12002
120020
120021
120022
120024
120025
120027
120028
120029
120031
120032
120033
120035
120037
120038
120039
120040
120043
120044
120045
120046
12005
120050
120054
120055
120056
120061
120062
120065
120066
120068
12007
120071
120072
120074
120075
120076
120077
12008
120086
120089
120093
120094
120096
120102
120103
120104
120105
120106
120108
120109
12011
120113
120114
120115
120116
120118
120119
120121
120123
120125
120127
120128
12013
120131
120135
120137
120139
12014
120140
120141
120142
120145
120148
120150
120152
120153
120154
120155
120156
120157
12016
120160
120161
120162
120163
120165
120166
120167
12017
120170
120172
120176
120177
120178
120179
12018
120180
120181
120182
120186
120187
120188
12019
120190
120192
120194
120197
120198
120199
1202
120200
120201
120202
120203
120205
120206
120207
120208
12021
120215
120216
120218
12022
120221
120223
120225
120226
120228
120229
12023
120230
120231
120233
120234
120235
120236
120239
12024
120241
120244
120245
120247
120248
120249
12025
120250
120251
120252
120253
120254
120256
120258
12026
120260
120263
120264
120265
120266
120268
12027
120270
120272
120275
120276
120278
12028
120281
120282
120285
120286
120290
120293
120295
120296
120299
12030
120300
120301
120303
120307
120308
120309
12031
120312
120314
120315
120316
120317
120318
12032
120320
120321
120324
120325
120330
120332
120333
120336
120337
120338
120339
12034
120340
120343
120345
120346
120348
12035
120353
120354
120357
12036
120372
120373
120374
120375
120376
120377
120378
12038
120380
120382
120384
120386
120390
120393
120396
120399
1204
12040
120400
120401
120402
120407
120409
120410
120411
120415
120417
12042
120422
120423
120425
120427
120428
120429
120431
120434
120438
120439
12044
120444
120445
120447
120448
120450
120454
120455
120456
120457
120458
12046
120461
120462
120463
120466
120470
120471
120474
120475
120476
120478
12048
120481
120483
120486
120487
120488
12049
120490
120491
120492
120494
120495
120496
120497
1205
120500
120502
120503
120504
120506
120507
120508
12051
120510
120511
120512
120514
120518
120519
120520
120521
120522
120523
120524
120531
120532
120533
120535
120537
120538
120541
120542
120550
120551
120556
120558
120559
12056
120561
120562
120563
120564
120565
120567
12057
120570
120573
120575
120576
120578
120579
120581
120582
120587
120588
120589
120591
120593
120595
120596
120597
120598
120599
120600
120601
120602
120603
120604
120605
120607
120609
120610
120611
120612
120614
120616
120617
12062
120620
120622
120625
120626
120628
120629
12063
120632
120633
120635
120637
12064
120642
120645
120647
120648
120649
120650
120656
120657
120660
120661
120662
120663
120664
120666
120668
120669
120670
120672
120675
120676
120677
120678
120679
12068
120681
120682
120684
120685
120686
120687
120688
120689
120691
120695
120696
120697
120698
120699
12070
120700
120701
120703
120705
120706
120708
120710
120712
120714
120716
120718
120719
120721
120722
120723
120725
120727
120728
120729
120730
120732
120734
120735
120737
120738
120739
12074
120743
120744
120745
120746
120747
120748
12075
120751
120752
120754
120755
120756
120757
120758
12076
120762
120764
120765
120767
120768
120769
120770
120773
120776
120777
12078
120780
120781
120786
120787
120789
120791
120796
120797
120798
120800
120803
120804
120805
120808
120811
120813
120814
120815
120816
120818
120819
12082
120820
120821
120825
120827
120829
120830
120832
120833
120834
120835
120838
120843
120846
120847
120848
120849
120851
120852
120853
120854
120855
120856
120858
120859
120860
120861
120863
120864
120865
120869
120870
120871
120873
120874
120875
120877
120879
120884
120885
120888
120891
120893
120894
120896
120897
120899
12090
120900
120903
120905
120906
120907
120908
120910
120916
120919
120921
120922
120923
120928
120929
12093
120930
120932
120934
120937
120938
12094
120942
120944
120945
120947
120949
120950
120951
120952
120953
120954
120957
120959
12096
120960
120961
120963
120966
120968
120970
120972
120974
120975
120977
120978
120980
120981
120985
120987
120989
12099
120990
120991
120992
120993
120994
120995
120997
1210
121001
121002
121003
121005
12101
121011
121012
121013
121014
121019
12102
121022
121023
121024
121025
121027
121028
121032
121033
121034
121035
121036
121038
121039
12104
121041
121043
121044
121046
121048
121050
121051
121052
121053
121055
121056
121058
121059
12106
121061
121062
121065
121066
121067
121068
12107
121070
121071
121073
121074
121077
121079
12108
121080
121082
121085
121086
121087
121089
121091
121093
121094
121096
121098
121108
121109
12111
121112
121115
121116
121117
121118
12112
121122
121123
121124
121125
121127
121128
121129
12113
121131
121132
121134
121137
121138
12114
121142
121143
121145
121149
12115
121150
121152
121154
121156
121157
121158
12116
121160
121161
121163
121164
121166
121168
121169
12117
121171
121172
121175
121178
121179
12118
121180
121182
121183
121184
121187
121189
12119
121190
121191
121192
121193
121194
121195
121196
121198
121199
1212
12120
121202
121209
121210
121211
121212
121213
121214
121215
121219
12122
121220
121223
121224
121225
121226
121227
121230
121231
121232
121233
121237
121239
12124
121241
121242
121246
121247
121248
12125
121251
121252
121256
121257
121259
121260
121261
121262
121268
121269
121270
121271
121274
121275
12128
121282
121284
121285
121288
121289
12129
121290
121291
121292
121294
121297
121298
1213
121300
121302
121303
121306
121307
121308
121309
12131
121312
121315
121318
121319
12132
121320
121321
121325
121326
121329
12133
121330
121331
121332
121333
121334
121336
121338
12134
121340
121341
121343
121344
121348
121349
12135
121350
121351
121353
121354
121356
121358
121359
12136
121360
121362
121364
121367
121369
12137
121372
121374
121377
121379
12138
121381
121382
121387
121388
121389
12139
121391
121393
121394
121395
121396
121397
121398
1214
12140
121400
121404
121409
121410
121411
121414
121415
121417
121418
121419
121421
121422
121424
121426
121429
12143
121430
121431
121432
121433
121435
121438
121441
121442
121443
121446
121449
121451
121452
121454
121455
121456
121457
121459
121460
121461
121463
121465
121466
121468
121469
12147
121471
121475
121477
121478
121481
121483
121491
121492
121493
121495
12150
121500
121501
121502
121503
121504
121505
121506
121507
121508
121509
12151
121510
121513
121515
121516
121517
121518
121519
12152
121520
121522
121523
121526
121527
121529
12153
121530
121531
121532
121533
121534
121538
121543
121544
121545
121546
121547
121550
121551
121552
121553
121555
121556
121561
121562
12157
121570
121573
121576
121578
121580
121581
121582
121583
121584
121586
121587
121588
121591
121594
121595
121597
121598
121601
121602
121604
121608
121609
121612
121614
121615
121616
121618
12162
121623
121624
121625
121626
121627
121628
121629
12163
121632
121633
121635
121638
121641
121642
121643
121644
121645
121647
121649
12165
121652
121654
121657
121658
121663
121664
121665
121666
121667
121668
121669
12167
121673
121674
121675
121678
121679
121680
121681
121685
121686
121687
121688
121690
121692
121693
121695
121696
121698
121699
1217
12170
121700
121701
121702
121703
121706
121708
12171
121710
121714
121716
121719
121720
121721
121722
121723
121725
12173
121730
121731
121734
121735
121736
121739
12174
121740
121742
121744
121745
121746
121747
121748
121749
121751
121753
121754
121755
121757
121758
12176
121761
121764
121765
121766
121767
121769
12177
121770
121771
121772
121773
121774
121775
121776
121779
12178
121782
121783
121784
121788
121790
121791
121793
121795
121796
121797
1218
12180
121800
121803
121808
121811
121812
121814
121817
121820
121824
121826
121828
121829
12183
121830
121831
121834
121835
121836
12184
121840
121846
121847
121849
121850
121855
121856
121857
121861
121868
12187
121870
121871
121873
121876
121878
121879
12188
121880
121881
121882
121883
121884
121887
121888
121889
12189
121890
121892
121894
121895
121897
121898
121899
1219
12190
121901
121902
121903
121906
121908
121909
12191
121910
121915
121916
121918
121919
12192
121921
121922
121923
121925
121928
121929
12193
121930
121932
121935
121936
121937
121939
12194
121940
121942
121944
121946
121947
121950
121954
121955
121960
121963
121964
121965
121969
12197
121970
121971
121972
121973
121978
12198
121982
121984
121986
121987
121988
121990
121991
121992
121993
121995
121997
1220
122001
122005
122008
122011
122012
122013
122014
122017
122018
12202
122020
122021
122022
122023
122024
122025
122028
122032
122034
122036
122038
122039
122040
122041
122042
122043
122044
122046
122047
122049
122051
122053
122054
122055
122057
122058
122059
12206
122060
122061
122064
122065
122066
12207
122072
122073
122075
122077
122078
122079
122080
122085
122087
122088
122089
122094
122095
122096
122097
122098
122099
122100
122102
122104
122105
122106
122107
122109
122110
122112
122114
122116
122117
122118
122119
12212
122120
122123
122126
122127
122131
122132
122133
122134
122136
122137
122138
122140
122141
122142
122143
122149
12215
122152
122154
122156
122159
12216
122160
122161
122164
122165
122166
122167
122168
122169
12217
122170
122171
122173
122174
122175
122176
12218
122180
122181
122183
122184
122185
122189
122190
122191
122193
122195
122198
122199
1222
122200
122201
122204
122205
122207
122208
122209
12221
122211
122215
122217
122218
122219
122222
122223
122228
122229
122230
122232
122233
122235
122236
122237
122239
122242
122243
122245
122246
122248
122249
122250
122252
122254
122255
122257
122258
122259
12226
122260
122261
122263
122264
122269
12227
122270
122272
122273
122276
122277
122279
12228
122280
122282
122283
122284
122286
122290
122291
122292
122294
122295
122297
122298
122301
122302
122303
122306
122308
122309
122310
122315
122317
122319
122322
122324
122326
122327
122328
122329
12233
122330
122333
122334
122335
122336
122337
122338
122340
122341
122342
122344
122345
122347
122348
122350
122351
122355
122357
122358
122364
122367
122368
12237
122371
122373
122374
122375
122376
122377
12238
122380
122382
122383
122384
122387
122388
122389
12239
122390
122391
122392
122393
122394
122396
122397
1224
12240
122404
122405
122406
122408
12241
122410
122413
122415
122417
122418
122419
12242
122421
122425
122426
122427
122430
122431
122434
122435
122436
122438
122439
12244
122440
122442
122443
122444
122446
122447
122448
122449
122452
122453
122454
122455
122457
122459
122460
122463
122465
122467
122468
122469
12247
122472
122474
122475
122476
122477
122478
12248
122480
122481
122483
122485
122486
122487
122491
122492
122493
122494
122495
122496
122497
122498
122501
122502
122504
122505
122506
122507
122508
122509
122511
122513
122514
122515
122517
122518
122519
12252
122521
122526
122527
122528
122529
12253
122532
122534
122537
122538
122539
12254
122540
122541
122543
122546
122547
122548
122550
122553
122554
122556
122557
122558
122559
122560
122561
122562
122565
122566
122567
122569
122570
122572
122573
122574
122576
122578
122582
122583
122585
122587
122589
122590
122591
122593
122595
122597
122598
122599
1226
12260
122600
122603
122604
122605
122607
122608
12261
122610
122611
122615
122617
122618
12262
122620
122622
122623
122624
122627
12263
122630
122631
122633
122634
122638
122639
12264
122640
122642
122643
122645
122648
122649
122650
122657
122659
122660
122662
122663
122665
122666
122668
122669
12267
122677
122680
122681
122682
122687
122690
122691
122693
122694
122696
122697
12270
122701
122702
122703
122704
122706
122708
122709
122710
122711
122712
122715
122716
122717
122718
122719
122720
122721
122727
122729
12273
122732
122733
122734
122736
122737
122740
122741
122742
122745
122746
122747
122748
122749
122750
122752
122753
122754
122756
122757
122758
122759
12276
122761
122763
122765
122766
122767
122770
122773
122774
122776
122777
122779
12278
122780
122783
122784
122785
122786
122787
122788
122790
122792
122797
122800
122801
122802
122803
122806
122808
122810
122811
122812
122813
122814
122815
122816
122817
122818
122819
122820
122822
122823
122826
122828
122829
12283
122830
122831
122832
122837
122838
122839
12284
122840
122841
122843
122844
122846
122847
122849
12285
122851
122853
122854
12286
122863
122864
122865
122867
122869
12287
122870
122872
122874
122875
122876
122878
122879
122880
122883
122884
122885
122887
122888
122889
12289
122890
122891
122893
122895
122897
122898
12290
122900
122903
122904
122905
122906
122907
122909
12291
122911
122912
122916
122919
122921
122922
122926
122927
12293
122931
122932
122935
122937
122939
122940
122941
122947
12295
122950
122951
122952
122954
122955
122956
122958
122959
122961
122963
122964
122965
122966
122969
12297
122970
122971
122974
122976
122978
122982
122984
122987
122988
12299
122990
122991
122992
122993
122994
12300
123000
123003
123004
123005
123006
123007
123010
123012
123014
123015
123016
123018
123023
123024
123026
123027
123029
123030
123031
123032
123034
123035
123037
123038
123039
12304
123042
123047
12305
123051
123052
123054
123056
123057
12306
123062
123064
123066
123067
123068
123069
123072
123075
123076
123077
123079
12308
123081
123082
123084
123085
123086
123089
12309
123090
123091
123092
123093
123094
123097
1231
123100
123101
123103
123107
123112
123113
123115
123118
12312
123121
123123
123126
123127
123128
123129
123130
123132
123134
123135
123137
123138
123141
123143
123145
123146
123147
123148
12315
123152
123153
123155
123157
123158
123159
12316
123163
123164
123166
123169
123170
123171
123172
123177
123178
123179
123180
123181
123183
123184
123186
123187
12319
123190
123193
123194
123199
1232
12320
123200
123201
123205
123206
123207
123209
123210
123211
123212
123214
123216
123217
123218
12322
123220
123222
123223
123224
12323
123231
123232
123233
123235
123236
123238
123239
12324
123240
123241
123244
123245
123246
123248
12325
123250
123251
123252
123253
123255
123257
123258
12326
123260
123265
123266
123269
123270
123271
123272
123273
123274
123277
123278
12328
123280
123281
123282
123284
123286
123287
12329
123292
123295
123297
123298
123299
123300
123301
123303
123305
123308
123310
123311
123313
123315
123316
123317
123318
123319
12332
123321
123322
123323
123325
123327
123329
123330
123332
123333
123336
123338
123343
123344
123345
123346
123349
12335
123350
123352
123355
123356
123357
123358
123360
123363
123364
123365
123366
123368
123370
123371
123372
123373
123374
123375
123376
123377
123379
12338
123381
123382
123384
123385
123386
123388
123389
123391
123393
123394
123395
123396
123397
1234
123400
123401
123403
123406
123408
123411
123412
123413
123417
123418
123419
123422
123426
123427
123429
123432
123434
123436
123437
123438
123440
123441
123443
123444
123448
123450
123451
123452
123454
123455
123457
123458
123459
12346
123460
123461
123462
123465
123466
123467
123468
123469
12347
123471
123474
123475
123476
123478
123479
123480
123481
123482
123484
123487
123488
123489
12349
123490
123491
123492
123493
123494
123495
123498
1235
12350
123500
123501
123502
123504
123507
123511
123512
123514
123518
123520
123521
123525
123529
123530
123531
123532
123535
123537
123542
123543
123544
123545
123547
123549
12355
123550
123551
123554
123555
123557
123558
123559
12356
123562
123564
123566
123567
12357
123570
123571
123572
123576
123578
123579
123580
123581
123583
123584
123585
123587
123588
12359
123590
123591
123594
123595
123596
123597
123598
123599
1236
123601
123602
123606
123607
123608
123611
123612
123617
123618
123619
123621
123623
12363
123630
123633
123636
12364
123641
123645
123646
123647
123648
123649
123650
123653
123654
123655
123656
123657
123658
12366
123660
123661
123662
123664
123667
123668
123670
123672
123673
123676
123677
123679
12368
123681
123682
123683
123684
123685
123686
123687
123690
123691
123692
123693
123694
123695
12370
123702
123703
123705
123707
123708
123709
12371
123710
123712
123713
123714
123718
123719
12372
123720
123722
123724
123727
123728
123729
123732
123736
123737
123739
123740
123742
123743
123745
123746
123747
123748
12375
123750
123752
123754
123755
123758
12376
123760
123761
123762
123764
123765
123768
123769
123770
123771
123772
123773
123776
123777
123778
123779
12378
123782
123783
123784
123785
123789
12379
123791
123792
123793
123794
123797
123798
1238
123800
123801
123803
123806
12381
123810
123812
123813
123817
123822
123824
123829
123832
123833
123837
123838
123839
12384
123842
123844
123845
123846
123847
123851
123852
123853
123854
123859
12386
123860
123861
123863
123865
123866
123869
123875
123876
123877
123879
12388
123880
123881
123883
123884
123885
123886
12389
123892
123893
123895
123897
123898
123899
1239
12390
123900
123901
123902
123904
123906
123908
12391
123910
123911
123915
123919
12392
123920
123921
123923
123929
12393
123931
123937
123939
123940
123944
123946
123947
12395
123950
123951
123952
123953
123954
123959
123960
123961
123962
123964
123967
123969
123970
123971
123972
123973
123975
123976
123977
123980
123982
123983
123988
123991
123992
123995
123996
124
12400
124000
124001
124002
124004
124006
124009
124011
124014
124015
124017
12402
124020
124021
124022
124023
124024
124028
12403
124030
124037
124038
124040
124041
124042
124043
124044
124047
12405
124053
124054
124055
124057
124058
12406
124062
124064
124065
124068
12407
124071
124072
124073
124077
124079
124082
124084
124085
124087
124099
12410
124100
124102
124104
124106
124107
124108
12411
124110
124111
124113
124114
124116
124117
12412
124120
124121
124124
124125
124128
124131
124132
124133
124136
124137
124138
124139
12414
124140
124141
124142
124143
124146
124148
124149
12415
124150
124152
124153
124156
124158
124159
12416
124161
124163
124165
124166
124168
124170
124171
124172
124173
124174
124175
124178
124179
124183
124184
124186
124187
124189
12419
124190
124191
124193
124194
124196
124199
1242
124200
124203
124204
124205
124207
124209
12421
124212
124213
124214
124215
124217
12422
124220
124222
124223
124224
124225
124227
124228
124230
124233
124234
124235
124237
124238
124239
124240
124241
124242
124246
124248
124249
124250
124251
124252
124254
124255
124256
124257
124259
12426
124260
124261
124262
124268
124269
12427
124274
124275
124277
124279
124281
124282
124285
124289
124290
124294
124295
124296
124297
124298
124299
1243
12430
124301
124302
124303
124304
124305
124306
124307
124309
12431
124310
124312
124315
124317
124318
12432
124320
124321
124322
124328
124329
12433
124330
124331
124333
124334
124336
124337
124338
124341
124343
124344
124346
12435
124350
124352
124354
124355
124358
124359
12436
124362
124363
124365
124367
124369
12437
124371
124372
124373
124374
124375
124380
124382
124383
124384
124385
124388
124389
12439
124390
124392
124394
124395
124396
124397
1244
124400
124401
124403
124404
124407
124408
124411
124413
124414
124415
124420
124423
124424
124425
124426
124427
12443
124430
124431
124434
124436
124438
124439
12444
124440
124441
124447
124448
124449
124451
124452
124453
124454
124455
124456
124460
124462
124463
124464
124466
124469
12447
124470
124472
124478
124479
124482
124486
124487
124488
124489
124490
124491
124493
124495
124497
1245
12450
124501
124502
124504
124505
124506
124507
124509
12451
124510
124511
124514
124515
124516
124517
124518
12452
124520
124521
124526
124527
124532
124535
124536
124537
12454
124542
124546
124547
124548
124550
124552
124556
124557
12456
124562
124564
124566
124567
124568
12457
124572
124574
124578
124579
12458
124582
124583
124584
124585
124587
124588
124589
12459
124590
124591
124592
124594
124599
12460
124600
124601
124602
124607
124615
124616
12462
124620
124623
124624
124625
124626
124628
124629
124633
124635
124637
124639
124640
124641
124643
124647
124649
124653
124654
124658
124661
124662
124663
124664
124667
124668
12467
124671
124673
124678
124679
12468
124682
124686
124688
124689
124690
124691
124692
124694
124695
124698
1247
124702
124703
124704
124705
124706
124707
124708
12471
124710
124711
124713
124714
124717
124719
12472
124720
124722
124723
124726
124727
124728
12473
124735
124736
124739
124741
124742
124743
124744
124746
124748
12475
124750
124751
124752
124756
124757
124759
12476
124760
124762
124764
124767
124768
12477
124771
124773
124776
124777
124781
124782
124783
124785
124788
124789
124790
124791
124792
124794
124795
12480
124800
124801
124802
124803
124805
12481
124812
124814
124815
124818
124820
124822
124823
124826
124828
124830
124832
124836
124838
12484
124840
124841
124843
124844
124845
124846
124847
124848
124850
124851
124853
124854
12486
124862
124865
124866
124867
124869
12487
124872
124873
124875
124877
124878
12488
124881
124883
124884
124885
124886
124887
124889
124891
124893
124896
124897
124898
124899
12490
124903
124905
12491
124912
124915
124917
124919
12492
124920
124924
124925
124926
124927
124928
12493
124930
124931
124932
124934
124939
12494
124940
124941
124946
124947
124948
124949
12495
124950
124952
124953
124957
124958
124959
12496
124960
124962
124963
124967
12497
124972
124975
124976
124978
124979
124980
124981
124982
124983
124986
124988
12499
124990
124991
124995
124997
12500
125000
125003
125006
125007
125008
12501
125010
125011
125012
125013
125014
125016
125017
12502
125024
125025
125026
125028
125034
125035
125037
125038
125041
125043
125048
125049
125051
125053
125054
125056
125058
12506
125060
125061
125062
125063
125064
125067
125068
12507
125074
125076
12508
125080
125082
125083
125085
125087
125088
125089
125090
125091
125092
125093
125094
125095
125098
125099
1251
12510
125101
125103
125105
125107
125108
125109
12511
125110
125113
125114
125117
125119
12512
125121
125122
125123
125124
12513
125130
125131
125132
125133
125134
125136
125137
125138
125139
125140
125141
125142
125144
125145
125146
125148
12515
125153
125155
125157
125158
12516
125160
125162
125164
125166
125167
125168
125169
125170
125172
125174
125175
125177
12518
125180
125181
125182
125187
125188
12519
125192
125194
125197
1252
125201
125203
125204
125205
125207
125208
125209
125212
125215
125217
125219
125221
125222
125224
125225
125228
125229
12523
125230
125231
125232
125233
125234
125236
125237
12524
125240
125245
125248
125249
125250
125252
125255
125256
125258
125259
12526
125260
125262
125263
125264
125268
125271
125272
125273
125276
125279
125280
125282
125285
125287
125288
125289
125290
125291
125292
125293
125294
125298
1253
125302
125303
125304
125305
125307
125309
12531
125312
125313
125314
125317
125321
125322
125324
125326
12533
125330
125334
125335
125336
125337
125338
125339
12534
125342
125344
125345
125346
125353
125354
125355
125356
125357
125358
125359
12536
125364
125365
125366
125367
12537
125370
125374
125376
125377
125379
125381
125382
125383
125385
125389
12539
125395
125397
125399
1254
125400
125402
125403
125405
125406
125407
125408
125409
12541
125415
125416
125418
125419
12542
125422
125424
125426
12543
125430
125431
125433
125434
125435
125437
12544
125441
125442
125445
125448
125449
12545
125450
125451
125454
125459
12546
125460
125461
125462
125464
125466
125468
125469
12547
125471
125472
125474
125476
125477
125478
12548
125480
125482
125483
125485
125490
125493
125495
125496
125497
125498
125501
125502
125503
125506
125509
12551
125510
125511
125513
125514
125516
125517
125519
125522
125525
125527
125531
125532
125533
125535
125536
125537
12554
125540
125542
125543
125544
125545
12555
125550
125551
125553
125555
125556
125558
125559
12556
125560
125561
125562
125567
125568
125573
125577
125578
125579
12558
125584
12559
125590
125591
125593
125594
125595
125597
125598
125600
125601
125603
125605
125606
125607
125608
125609
12561
125610
125611
125612
125614
125615
125617
125618
12562
125620
125621
125622
125623
125624
125625
125627
12563
125631
125632
125633
125635
125636
125637
125639
12564
125642
125644
125645
125647
12565
125652
125653
125654
125656
125658
125659
12566
125660
125661
125663
125665
125666
125668
125671
125673
125675
125677
125679
12568
125681
125684
125686
125687
125689
12569
125690
125691
125692
125693
125694
125695
125696
125697
125698
125699
1257
125702
125703
125704
125705
125708
125711
125713
125716
125717
125718
125719
125720
125721
125723
125725
125728
12573
125730
125731
125732
125734
125735
125739
12574
125740
125741
125742
125745
125746
125747
125748
125749
125750
125753
125755
125756
125757
12576
125762
125765
125766
125768
125769
12577
125772
125773
125777
125779
12578
125780
125781
125782
125783
125784
125786
125787
125790
125791
125792
125794
125796
125797
125798
125800
125802
125803
125805
125807
125809
125810
125812
125813
125815
125816
125818
125819
12582
125820
125821
125824
125826
125828
125829
125831
125832
125833
125834
125836
125837
125838
125839
12584
125840
125841
125842
125845
125846
125848
125849
125851
125852
125853
125854
125857
125858
12586
125861
125862
125863
125865
125870
125871
125872
125874
125875
12588
125880
125882
125883
125887
125889
125890
125892
125895
125897
1259
125902
125904
125905
125908
12591
125910
125911
125912
125913
125914
125915
125917
125920
125921
125922
125927
125928
125929
12593
125931
125932
125933
125934
125935
125937
125938
125942
125943
125946
125948
125951
125952
125953
125960
125961
125962
125963
125964
125967
125968
125969
125970
125972
125973
125976
125979
12598
125980
125982
125987
125988
125989
12599
125990
125991
125992
125993
125994
125996
125997
125998
126
126000
126002
126003
126004
126006
126007
126009
12601
126013
126014
126015
126017
126018
126019
126020
126022
126026
126028
126029
126030
126031
126032
126035
126037
126038
12604
126041
126042
126043
126044
126046
126047
126049
126051
126054
126055
126056
126059
126060
126063
126065
126066
126068
12607
126070
126073
126075
126076
12608
126080
126081
126082
126083
126084
126086
126088
126089
126092
126093
126095
126096
126097
126099
1261
126100
126104
126105
126106
126108
12611
126111
126113
126116
126117
126118
126119
12612
126123
126125
126128
126133
126135
12614
126140
126141
126143
126151
126156
126158
12616
126160
126161
126162
126164
126166
126167
126168
126169
12617
126170
126171
126172
126173
126176
126177
126178
126179
126182
126183
126185
126186
126187
126188
126190
126191
126192
126194
126196
126197
126198
126199
12620
126200
126202
126204
126205
12621
126210
126213
126216
126218
126219
126220
126222
126223
126224
126225
126227
126228
12623
126230
126232
126234
126238
126239
126240
126241
126243
126245
126247
126248
126249
126250
126251
126252
126255
126257
12626
126260
126261
126263
126264
126266
126267
12627
126271
126272
126273
126276
126279
126281
126282
126286
126287
126291
126293
126294
126295
126299
12630
126300
126301
126302
126303
126304
126305
126307
12631
126310
126311
126315
126316
126317
126319
12632
126322
126324
126325
126329
126330
126333
126335
126339
12634
126341
126343
126344
126346
126347
126348
12635
126350
126351
126352
126354
126358
12636
126360
126361
126367
126368
126369
126370
126372
126374
126377
12638
126380
126382
126383
126387
12639
126390
126391
126392
126393
126395
126398
12640
126400
126402
126404
126407
126408
126409
126410
126411
126412
126414
126417
12642
126420
126423
126424
126426
126428
12643
126430
126435
126437
12644
126443
126445
126446
126447
126449
126450
126451
126452
126453
126455
126456
126458
126459
126460
126461
126463
126464
126468
126469
12647
126471
126474
126475
126477
12648
126482
126486
126489
12649
126491
126492
126493
126494
126498
126500
126504
126506
126507
126509
126511
126512
126513
126514
126516
126518
126523
126524
126525
126526
126527
126532
126533
126536
126538
126539
12654
126542
126545
126546
126548
12655
126556
126557
126558
12656
126561
126563
126565
126566
126567
126568
126569
126571
126572
126573
126574
126575
126576
126577
126578
12658
126580
126584
126585
126586
126588
126589
12659
126593
126594
126596
126597
126598
1266
12660
126603
126604
126605
126610
126611
126613
126617
126619
12662
126621
126622
126624
126625
126626
126628
12663
126631
126633
126634
126636
126637
126638
126641
126644
126647
126649
12665
126650
126651
126652
126653
126654
126655
126656
126657
126658
126659
12666
126660
126663
126664
126665
126666
126667
126669
12667
126671
126672
126675
126676
126677
126678
126679
12668
126680
126681
126682
126683
126684
126687
126688
126689
126691
126692
126694
126695
126697
126702
126703
126704
126707
126709
126711
126716
126718
12672
126723
126724
126725
126726
126728
12673
126731
126734
126738
126740
126742
126744
126745
126746
126747
126748
126749
126754
126756
126760
126763
126764
126765
126769
12677
126770
126773
126774
126777
126780
126781
126782
126783
126787
12679
126790
126791
126792
126799
12680
126803
126804
126805
126807
126808
126809
12681
126811
126819
126824
126825
126826
126828
126829
12683
126830
126834
126837
126838
126839
12684
126841
126842
126843
126845
126847
126848
126849
12685
126851
126853
126854
126855
12686
126860
126861
126862
126863
126866
126867
126869
12687
126871
126872
126873
126874
12688
126883
126884
126885
126886
126887
126888
12689
126893
126898
126899
12690
126902
126903
126904
126906
126907
126909
12691
126911
126915
126916
126917
126918
126919
126920
126923
126924
126925
126926
126927
126929
12693
126930
126931
126940
126941
126943
126946
126948
12695
126950
126951
126952
126954
126957
126963
126964
126965
126967
126968
12697
126970
126975
126978
126980
126982
126983
126984
126985
126986
126987
126988
126989
12699
126991
126992
126994
126995
126996
126999
1270
12700
127001
127002
127003
127004
127005
127006
127008
127009
12701
127010
127011
127013
127014
127015
127017
127018
127019
12702
127021
127023
127024
127025
127026
127027
127029
127031
127032
127033
127035
127036
127038
127039
12704
127041
127042
127043
127044
127045
127046
127047
127048
127049
12705
127050
127054
127055
127056
127057
12706
127060
127063
127065
127066
127068
127069
127071
127083
127085
127087
127088
127089
127090
127096
127098
1271
127103
127104
127106
127109
127110
127111
127112
127113
127115
127116
127117
127119
12712
127120
127124
127125
127126
127127
127132
127133
127134
127136
127137
127139
12714
127140
127143
127145
127148
127149
12715
127151
127153
127154
127157
127158
127159
12716
127162
127164
127165
127166
127167
127169
12717
127171
127172
127173
127174
127176
127177
127179
127180
127181
127182
127183
127184
127186
127187
127188
12719
127191
127192
127194
127195
127196
127197
127198
127199
1272
12720
127200
127202
127203
127208
127210
127211
127212
127214
127215
127216
12722
127220
127223
127224
127225
127228
127230
127231
127232
127236
127237
12724
127241
127242
127244
127245
127246
127249
127251
127252
127253
127254
127255
127257
127260
127261
127266
127267
127269
127270
127271
127273
127274
127275
127276
127277
127281
127282
127285
127286
127289
127299
1273
12730
127305
127307
127308
127309
127311
127312
127313
127315
127316
127318
127319
127320
127321
127323
127326
127327
127329
12733
127330
127331
127333
127335
127336
127338
127339
127340
127341
127342
127348
12735
127353
127355
127356
127358
127359
127360
127362
127363
127364
127367
127369
127370
127371
127372
127373
127377
12738
127381
127385
127386
127387
12739
127390
127393
127395
127396
127398
127399
127400
127402
127406
127412
127413
127414
127419
12742
127420
127421
127422
127423
127425
127428
127430
127431
127433
127437
127442
127443
127444
127445
127447
127449
12745
127450
127451
127454
127455
127456
127458
127459
127460
127461
127463
127464
127465
127467
127468
127469
127472
127475
127476
127477
127478
127480
127482
127483
127485
127487
127489
12749
127492
127495
127497
1275
12750
127500
127501
127504
127505
127506
127507
127508
12751
127510
127511
127513
127515
127516
127518
127519
127521
127522
127523
127525
127528
12753
127531
127534
127537
127538
127539
127541
127545
127546
127549
127552
127554
127556
127557
127559
12756
127562
127563
127564
127566
127569
127572
127578
127579
127581
127582
127583
127584
127585
127589
12759
127590
127592
127594
127595
127597
127598
127599
127602
127603
127605
127607
12761
127610
127611
127612
127613
127614
127615
127616
12762
127621
127623
127629
12763
127630
127631
127632
127634
127637
127643
127646
127647
127648
12765
127650
127653
127654
127656
127657
127658
12766
127661
127662
127664
127665
127666
127669
12767
127671
127674
127675
127678
127679
12768
127680
127682
127683
127684
127685
127687
127689
12769
127691
127692
127693
127695
127696
127700
127704
127705
127706
127707
127708
127709
12771
127710
127714
127715
127716
127719
127721
127722
127724
127725
127726
127727
127728
127730
127732
127733
127735
127738
127739
12774
127741
127742
127744
127745
127746
127748
127749
12775
127751
127752
127753
127756
127757
127759
12776
127762
127763
127765
127766
127767
127768
12777
127771
127772
127773
127775
127776
127777
127778
12778
127780
127783
127784
127785
127787
127790
127791
127793
127794
127798
1278
12780
127801
127802
127803
127805
127806
127808
127809
12781
127811
127813
127815
127816
127819
12782
127823
12783
127831
127832
127834
127835
127836
12784
127840
127841
127843
127844
127845
127846
127848
12785
127853
127854
127855
127856
127857
127858
127859
12786
127860
127862
127863
127864
127866
127868
127869
12787
127873
127874
127877
12788
127881
127884
127886
127888
127889
12789
127890
127891
127892
127894
127895
127897
127898
1279
12790
127900
127901
127903
127904
127905
127906
127907
127908
12791
127911
127913
127914
127915
127917
127918
127919
12792
127921
127922
127923
127924
127927
127928
127929
12793
127933
127934
127935
127936
127937
127938
127940
127944
127945
127946
127947
127949
127952
127955
127957
127960
127961
127962
127964
127966
127968
127969
127972
127974
127976
127979
127981
127982
127983
127986
127987
127989
127990
127992
127994
127995
127997
1280
128002
128004
128006
128009
12801
128012
128013
128014
128015
128016
12802
128020
128024
128028
128030
128033
128035
128037
128038
128039
128047
128048
128049
128050
128051
128053
128057
128059
12806
128060
128061
128062
128064
128065
128066
128071
128074
128075
128076
128077
128079
12808
128082
128085
128088
128089
12809
128092
128093
128094
128095
1281
12810
128102
128105
128107
128108
128111
128112
128113
128121
128122
128123
128125
128128
128129
128130
128131
128132
128133
128136
128139
12814
128140
128141
128142
128143
128145
128147
128149
12815
128150
128151
128152
128154
128156
128157
128158
128159
12816
128162
128165
128167
128168
128170
128174
128176
128178
12818
128180
128181
128183
128185
128186
128189
12819
128190
128192
128193
128195
128198
128199
12820
128202
128204
128208
128211
128213
128215
128216
128219
128220
128221
128224
128225
128227
128229
128231
128232
128233
128234
128237
128238
128240
128241
128243
128245
128246
128247
128248
128251
128253
128254
128256
128259
128262
128263
128264
128266
128269
12827
128271
128273
128276
128279
128281
128283
128287
128288
12829
128291
128294
128296
128297
128299
1283
128302
128306
128309
128310
128311
128312
128315
128317
128318
128322
128327
12833
128332
128334
128335
128336
128338
12834
128340
128344
128345
128346
128347
128349
128351
128352
128354
128355
128356
128357
128360
128361
128362
128364
128365
128367
128368
128369
12837
128370
128372
128374
128378
128379
12838
128384
128386
128389
128390
128391
128393
128395
128397
128398
128399
1284
12840
128400
128403
128404
128405
128406
128407
128408
128409
128411
128412
128415
128416
128417
128418
128419
128421
128422
128424
128426
128427
128428
128429
12843
128432
128433
128434
128435
128438
12844
128440
128444
128446
128448
128449
12845
128450
128453
128455
128458
128459
12846
128460
128461
128462
128465
12847
128470
128471
128472
128473
128474
128478
12848
128481
128482
128483
128484
128485
128489
128490
128493
128496
1285
128500
128501
128503
128505
128509
128511
128512
128513
128515
128516
128517
12852
128520
128522
128523
128524
128526
128527
128528
12853
128532
128533
128534
128535
128536
128537
128538
12854
128543
128544
128549
12855
128551
128552
128554
128558
128562
128563
128564
128565
128569
12857
128571
128573
128575
128581
128582
128583
128584
128586
12859
128591
128593
128596
128599
12860
128603
128604
128606
128607
128609
12861
128610
128614
128617
128618
128624
128627
128629
12863
128630
128635
128636
128637
128638
128639
12864
128640
128641
128642
128643
128644
128646
128647
128648
128650
128651
128654
128656
128657
128659
12866
128661
128663
128665
128667
128670
128672
128674
128675
128676
128677
128678
128679
12868
128680
128681
128682
128684
128689
12869
128695
128699
1287
128700
128701
128703
128704
128706
128707
128713
128716
128718
128719
12872
128722
128725
128726
128728
128731
128737
12874
128740
128741
128742
128743
128746
128749
128751
128754
128756
128757
128759
12876
128760
128761
128763
128765
128766
128768
128769
128775
128777
128779
128784
128785
128787
128788
128793
128796
128797
128798
128799
128802
128804
128806
128807
128809
12881
128810
128811
128814
128815
128816
128817
128818
128819
12882
128822
128823
128827
128829
128831
128832
128835
128836
12884
128840
128843
128844
128845
128847
12885
128851
128854
128856
128857
128858
128859
12886
128863
128865
128867
128869
128870
128871
128873
128874
128875
128877
128878
128879
12888
128880
128881
128883
128884
128885
128888
128889
12889
128890
128893
128894
128895
128897
1289
128900
128906
128908
12891
128913
128917
128918
128919
12892
128920
128921
128922
128924
128925
128926
128927
128929
12893
128930
128934
128935
128938
128939
128940
128944
128946
128947
128948
12895
128950
128952
128954
128956
128957
128958
128959
12896
128960
128961
128962
128964
128965
128969
12897
128970
128973
128976
128977
128978
128979
12898
128982
128983
128984
128987
128989
12899
128990
128991
128992
128993
128995
128997
12900
129000
129001
129002
129005
129006
129008
129011
129013
129014
129015
129016
12902
129020
129021
129022
129023
129024
129025
129026
129028
129031
129032
129035
129037
129038
129039
129043
129046
129048
129049
129053
129054
129055
129056
129057
129058
129059
129060
129061
129063
129064
129065
129066
129068
129071
129072
12908
129081
129082
129084
129085
129087
129088
129089
12909
129092
129096
129097
129101
129103
129105
129106
129107
129108
129109
129110
129112
129113
129114
129115
129119
129120
129121
129123
129125
129130
129132
129133
129134
129135
129138
129139
12914
129141
129144
129146
129149
12915
129150
129154
129157
129159
12916
129161
129162
129163
129164
129166
129167
129169
12917
129170
129172
129173
129174
129176
129177
129178
12918
129181
129183
129185
129187
129188
129190
129191
129193
129194
129197
1292
129200
129201
129202
129203
129207
129210
129212
129213
129214
129215
129217
129218
129219
12922
129220
129221
129222
129223
129225
129226
129229
12923
129231
129233
129235
129236
129237
129238
129239
12924
129240
129244
129245
129246
129248
12925
129250
129251
129252
129253
129254
129256
129258
129259
129260
129263
129268
12927
129270
129271
129273
129274
129275
129280
129283
129285
129289
12929
129291
129292
129293
129296
129297
129298
129299
1293
12930
129301
129302
129304
129305
129308
129309
12931
129311
129313
129315
129318
129319
12932
129325
129326
129327
129328
12933
129330
129333
129334
129335
129338
12934
129342
129344
129345
129346
129347
129350
129351
129352
129353
129354
129355
129356
129357
129358
129359
12936
129360
129361
129363
129364
129366
129369
129370
129372
129374
129375
129376
129377
129379
12938
129380
129381
129382
129384
129386
129388
12939
129390
129398
129399
12940
129401
129403
129404
129407
129417
129418
129419
12942
129421
129425
129426
129427
129429
129430
129433
129437
129438
12944
129443
129444
129445
129447
129448
129449
129450
129451
129453
129456
129457
129459
129461
129462
129463
129468
129469
129471
129472
129473
129474
129475
129477
129478
129479
12948
129481
129482
129484
129485
129487
129488
129489
12949
129490
129491
129494
129496
129497
129498
1295
12950
129501
129504
129506
129509
129511
129513
129514
129515
129518
12952
129522
129523
129527
129529
12953
129531
129534
129535
129537
129538
129539
12954
129540
129544
129545
129546
129547
129550
129551
129553
129554
129555
129556
129558
129559
12956
129560
129561
129564
129565
129569
129570
129573
129574
129575
129577
129580
129581
129584
129585
129586
129587
12959
129592
129595
129596
129598
129601
129603
129607
129608
129610
129616
129617
129618
129620
129621
129623
129626
12963
129630
129631
129634
129635
129637
129638
129639
129641
129642
129643
129649
129650
129651
129652
129653
12966
129660
129663
129664
129667
129668
129669
129670
129672
129673
129675
129677
129678
129679
129681
129686
129687
129688
129689
12969
129691
129695
129698
129699
129701
129703
129705
129708
129709
12971
129712
129717
129720
129722
129723
129724
129728
12973
129730
129732
129733
129734
129736
129737
129739
129740
129743
129745
129746
129747
129748
129750
129752
129753
129754
129757
129758
129759
129760
129762
129765
129767
129769
129770
129774
129775
129777
129778
129779
12978
129780
129782
129784
129786
129789
12979
129790
129791
129792
129793
129794
129795
129797
129798
1298
129800
129802
129803
129806
129808
129810
129811
129812
129813
129814
129816
129818
129820
129822
129823
129824
129825
129827
129829
129830
129832
129834
129836
129837
129838
129840
129841
129842
129849
12985
129850
129851
129852
129853
129854
129855
129858
129860
129861
129863
129864
129867
129868
129869
129870
129872
129873
129874
129875
129876
129878
129879
12988
129880
129884
129885
129886
129887
12989
129890
129891
129892
129893
129898
129899
1299
12990
129901
129904
129905
129908
12991
129913
129916
129918
129920
129921
129922
129928
12993
129930
129932
129937
12994
129940
129941
129943
129944
129945
129947
129949
12995
129951
129954
129955
129956
129957
129959
12996
129961
129968
129969
129970
129972
129973
129976
129978
129979
12998
129981
129982
129984
129986
129987
129988
129989
129990
129992
129994
129995
129997
129998
129999
1300
13000
130000
130001
130002
130007
130008
130009
130010
130017
130018
130019
130020
130021
130022
130023
130027
130029
13003
130030
130032
130033
130036
130039
13004
130044
130045
130046
130047
130048
13005
130051
130055
130056
130058
130060
130063
130064
130066
130067
130068
130069
130070
130071
130072
130073
130074
13008
130080
130085
130087
130088
13009
130090
130091
130092
130094
130097
130099
130101
130102
130106
130107
130108
13011
130112
130113
130114
130115
130116
13012
130120
130123
130124
130125
130128
130129
13013
130131
130136
13014
130141
130143
130146
130147
130148
13015
130150
130151
130152
130153
130154
130156
130159
13016
130160
130162
130163
130164
130165
130166
130167
130168
130169
13017
130170
130172
130178
130179
13018
130181
130182
130183
130184
130189
130190
130191
130193
130196
130202
130203
130209
130212
130216
130220
130221
130222
130223
130226
130228
13023
130230
130231
130232
130236
130237
130239
13024
130240
130241
130243
130245
130247
13025
130251
130257
130258
130260
130261
130262
130264
130265
130267
130268
130269
13027
130270
130272
130273
130277
130278
130279
13028
130280
130282
130286
130288
130289
13029
130291
130294
130295
130296
130299
130301
130302
130303
130305
130307
130308
130310
130312
130313
130318
130321
130322
130323
130326
130327
130331
130333
130334
130335
130336
130337
130338
130340
130341
130342
130348
130351
130352
130353
130354
130355
130356
130358
130359
130360
130361
130363
130364
130365
130368
13037
130372
130373
130375
130378
130382
130384
130386
130387
130390
130391
130392
130394
130395
130397
130398
130399
1304
130404
130406
130408
130409
13041
130412
130416
130417
130419
13042
130423
130426
130429
13043
130430
130431
130434
130436
130437
130440
130442
130443
130446
130448
130449
13045
130450
130451
130453
130454
130456
130458
13046
130460
130463
130466
130467
13047
130470
130473
130475
130477
130479
130480
130487
13049
130490
130491
130492
130495
130496
130497
130499
130501
130502
130503
130504
130506
130507
130509
13051
130510
130512
130513
130515
130516
130517
130520
130521
130522
130524
130525
130526
130527
13053
130530
130533
130534
130538
130539
130540
130544
130545
130546
130547
130548
130549
130552
130554
130556
130557
130559
130562
130563
130565
130567
130568
130569
13057
130570
130571
130572
130573
130574
130576
130578
130580
130582
130584
130588
130590
130593
130594
130595
130596
130597
130598
1306
130600
130601
130604
130605
130608
130609
13061
130610
130611
130612
130615
130616
130617
130618
13062
130620
130621
130622
130623
130624
130625
130626
130627
13063
130632
130636
130637
130639
130640
130643
130644
130645
130646
13065
130655
130657
130660
130663
130665
130666
130668
130669
13067
130671
130672
130675
130677
130678
130679
130682
130684
130686
130687
13069
130690
130691
130692
130693
130694
130695
130696
130697
130698
130699
130700
130702
130704
130706
130708
130709
13071
130710
130711
130715
130716
130719
13072
130722
130728
130729
13073
130730
130732
130734
130738
130739
13074
130740
130743
130748
130750
130751
130754
130755
130756
130757
130758
130759
13076
130760
130761
130764
130766
130768
130769
130775
130778
130779
13078
130781
130783
130784
130790
130791
130792
130793
130794
130795
130796
130797
130799
1308
130800
130801
130804
130805
130808
130809
13081
130811
130813
130815
130816
130818
130819
13082
130823
130827
130829
13083
130830
130833
130834
130836
130837
130838
130839
130840
130842
130843
130846
130847
130849
130852
130853
130854
130858
13086
130860
130862
130864
130865
130867
130869
130870
130872
130873
130877
130878
130879
13088
130881
130885
130886
130888
130893
130894
130895
130896
130897
130899
130901
130902
130903
130907
130908
130909
130910
130911
130912
130913
130914
130915
130916
130917
130918
13092
130920
130921
130923
130927
130928
130929
130932
130933
130935
130936
130937
130938
130939
13094
130941
130944
130945
130946
130947
130948
130949
130951
130952
130955
130959
13096
130961
130962
130963
130966
130967
130968
130970
130971
130972
130973
130974
130977
130978
130979
130980
130981
130983
130984
130986
130988
130989
13099
130992
130995
130996
130999
1310
13100
131001
131005
131006
131007
131008
13101
131013
131014
131016
131017
131018
131022
131023
131025
131026
131027
131029
13103
131030
131031
131032
131033
131035
131036
131037
131038
131039
13104
131041
131048
131049
13105
131050
131051
131052
131055
131056
131058
131059
131063
131066
131068
131070
131071
131074
131075
131076
131077
131078
131079
131080
131081
131083
131084
131085
131087
131090
131092
131093
131094
131095
131096
131097
131098
131099
131101
131102
131103
131106
131107
131109
131110
131111
131112
131114
131116
131117
131118
13112
131122
131124
131125
131129
13113
131130
131131
131132
131133
131136
131139
13114
131142
131143
131145
131146
131147
13115
131150
131152
131154
131157
131159
131161
131164
131166
131169
13117
131171
131173
131174
131175
131179
13118
131180
131182
131183
131185
131186
131187
131188
131189
131196
131197
131198
131199
1312
13120
131201
131205
13121
131210
131211
131213
131214
131216
13122
131220
131224
131226
131227
131228
131229
131235
131236
131237
131238
131239
13124
131240
131244
131245
131247
131249
13125
131250
131252
131255
131256
131259
13126
131260
131262
131265
131266
131270
131271
131275
131276
131278
13128
131280
131282
131283
131284
131286
131288
131289
131290
131291
131293
131294
131297
131298
131299
1313
131302
131307
131308
13131
131311
131312
131316
131318
131320
131329
13133
131330
131331
131333
131334
131336
131339
131342
131343
131344
131345
131346
131347
131349
131350
131351
131355
131357
131361
131363
131364
131366
131367
131369
13137
131370
131371
131373
131374
131375
131376
131379
131380
131381
131382
131387
131388
131389
13139
131390
131396
131397
1314
13140
131400
131401
131403
131404
131407
131408
131409
131411
131412
131413
131414
131415
131418
131419
131420
131422
131423
131425
131426
131428
131431
131432
131434
131435
131436
13144
131442
131445
131446
131448
131450
131451
131456
131458
131461
131462
131469
13147
131470
131471
131473
131474
131478
13148
131480
131482
131484
131485
131486
131488
131489
13149
131492
131493
131494
131496
13150
131500
131502
131503
131506
131507
131508
131510
131512
131513
131514
131518
131519
131521
131522
131525
131527
131528
13153
131530
131531
131532
131535
131537
13154
131541
131543
131545
131546
131548
131551
131552
131553
131554
131555
131557
131559
131562
131563
131565
131566
131570
131571
131574
131575
131582
131584
131586
131588
131589
13159
131590
131592
131593
131594
131596
131597
1316
131601
131603
131606
131608
131609
13161
131610
131612
131613
131614
131618
131620
131622
131624
131625
131626
131627
131629
13163
131630
131631
131632
131633
131634
131636
131638
13164
131640
131644
131646
131647
131648
131649
131650
131653
131654
131656
131657
131658
131662
131665
131667
131672
131675
131676
131677
131679
13168
131682
131683
131685
131686
131688
131689
131690
131691
131694
131695
131696
131701
131702
131703
131707
131709
131711
131712
131713
131714
131715
131716
13172
131721
131724
131725
131726
131727
131737
131744
131745
131748
131749
13175
131750
131751
131752
131754
131757
131758
131759
131760
131761
131763
131764
131765
131768
131769
131773
131775
131777
131778
131779
13178
131782
131783
131785
131787
131789
131790
131791
131793
131794
131795
131797
131799
13180
131800
131801
131802
131804
131805
131806
131808
13181
131812
131814
131815
131816
131817
131818
131822
131823
131824
131825
131826
131827
131828
131832
131836
131837
131838
131839
131840
131841
131843
131845
131846
131848
131849
131850
131852
131853
131854
131855
131856
131857
131859
131863
13187
131876
131878
13188
131880
131881
131882
131884
131885
131886
131887
131888
13189
131891
131892
131893
131894
131897
131899
131900
131903
131907
131908
131909
13191
131910
131915
131916
131919
13192
131921
131923
131926
131933
131934
131935
131936
131938
131939
131941
131942
131945
131946
131948
131949
13195
131959
13196
131962
131963
131964
131966
131970
131972
131976
131978
13198
131980
131981
131982
131983
131984
131986
131989
131990
131991
131992
131993
131995
131996
131997
131999
1320
132000
132001
132002
132006
132008
132009
132013
132015
132018
132023
132024
132026
132031
132033
132034
132037
132038
132039
13204
132040
132042
132043
132045
132046
132048
13205
132050
132052
132053
132054
132056
132058
132060
132061
132062
132063
132065
132068
132069
132071
132072
132074
132075
132078
132079
132084
132086
132087
132088
132089
132090
132092
132094
132095
132096
132097
132098
1321
132103
132106
132107
132109
132110
132111
132112
132114
132116
132117
132119
13212
132120
132122
132126
132127
132128
132130
132136
132138
132139
13214
132140
132142
132146
132147
132148
132150
132153
132154
132157
13216
132161
132162
132163
132164
132167
132168
132169
13217
132170
132171
132173
132174
132175
132178
132179
132180
132183
132184
132185
132188
13219
132190
132192
132194
132195
132196
132198
1322
13220
132200
132201
132202
132203
132205
132208
132209
132213
132214
132216
132218
132219
13222
132220
132223
132224
132225
132227
132228
132231
132232
132235
132238
13224
132240
132242
132243
132244
132246
132247
13225
132250
132252
132254
132255
132261
132262
132263
132266
132267
132269
13227
132271
132273
132274
132280
132281
132282
132283
132284
132285
132288
132289
13229
132290
132291
132293
132297
132299
1323
132301
132302
132304
132305
132306
132308
132309
13231
132310
132313
132314
132315
132316
132318
132319
132320
132321
132325
132327
132329
132331
132335
132337
132339
132345
132348
13235
132351
132352
132353
132354
132359
132364
132366
132367
132368
132369
132370
132371
132372
132373
132374
132376
132378
13238
132380
132381
132382
132383
132384
132386
132387
132389
13239
132391
132392
132395
132397
132398
1324
13240
132400
132401
132405
132412
132414
132415
132416
132418
132419
13242
132420
132421
132422
132423
132425
132426
13243
132430
132432
132433
132434
132437
132438
132439
132440
132441
132443
132444
132445
132450
132452
132455
132457
13246
132462
132463
132464
13247
132470
132474
132475
132476
132478
132480
132483
132484
132485
132491
132492
132493
132495
132496
132497
132498
132499
13250
132500
132501
132502
132503
132505
132506
132507
132509
132511
132513
132514
132515
132516
132517
132518
13252
132520
132521
132524
132525
132526
132527
132528
132530
132531
132532
132533
132536
132539
13254
132541
132544
132545
132546
132547
132549
132550
132552
132554
132556
132558
132560
132562
132563
132565
132567
132568
132569
132570
132571
132575
132578
13258
132586
132588
13259
132591
132593
132594
132596
132597
132599
13260
132607
132608
132609
132610
132617
132618
132619
13262
132621
132623
132625
132627
132628
132629
13263
132630
132631
132633
132635
132638
132639
13264
132640
132641
132644
132645
132646
132647
132649
13265
132650
132651
132652
132653
13266
132661
132662
132663
132664
132666
132667
13267
132670
132671
132672
132675
132676
132677
132679
13268
132680
132681
132682
132686
132689
132690
132694
132697
132699
13270
132700
132701
132703
132704
132707
132709
132710
132711
132713
132714
132715
132718
132720
132721
132724
132726
132727
132728
132729
13273
132732
132735
13274
132745
132749
132753
132754
132755
132757
132760
132764
132765
132768
132769
13277
132772
132774
132775
132778
13278
132780
132781
132784
132785
132786
132788
132789
13279
132792
132793
132794
132799
13280
132800
132801
132805
132807
132808
132809
13281
132811
132812
132813
132814
132816
132818
132819
132820
132822
132823
132824
13283
132830
132831
132832
132834
132835
132836
132837
132838
132839
132843
132844
132848
132851
132854
132859
13286
132861
132862
132864
132865
132866
132869
13287
132871
132872
132874
132877
132879
132881
132884
132885
132887
132888
132889
132894
132897
132898
132899
132902
132903
132904
132910
132911
132912
132915
132916
132917
132920
132922
132924
132925
132927
132928
132930
132932
132934
13294
132942
132943
132944
132945
132950
132951
132952
132954
132955
132957
132960
132963
132964
132967
132968
132971
132973
132975
132976
132977
132978
132979
13298
132981
132982
132985
132986
132987
13299
132990
132991
132993
132994
132997
132998
132999
133
133000
133001
133002
133003
133004
133008
133012
133013
133014
133015
133016
133017
133018
133021
133022
133024
133025
133027
133028
133029
13303
133030
133031
133033
133034
133035
133036
133037
133038
133040
133041
133045
133047
133049
133050
133051
133053
133054
133057
133063
133066
133067
133068
13307
133072
133076
133077
133080
133084
133085
133086
133089
13309
133090
133096
133097
1331
13310
133100
133102
133103
133104
133105
133107
133108
133109
133110
133111
133113
133114
133115
133116
133119
13312
133121
133123
133124
133127
133128
133131
133132
133135
133137
133138
13314
133141
133143
133144
133145
133146
133149
133150
133151
133152
133158
133159
133160
133165
133168
133169
13317
133170
133174
133175
133176
13318
133184
133185
133186
133187
13319
133190
133194
1332
13320
133200
133202
133209
133210
133213
133215
133216
133218
133219
13322
133226
133227
133228
133229
13323
133231
133233
133234
133238
133239
13324
133240
133241
133242
133243
133244
133245
133246
133247
133249
13325
133250
133251
133252
133253
133257
133258
13326
133265
13327
133270
133271
133273
133274
133276
133278
133282
133285
133287
133288
13329
133293
133294
133296
133297
133299
1333
13330
133302
133304
133306
133307
133308
133309
13331
133310
133311
133313
133314
133316
133319
133320
133321
133323
133324
133325
133326
133327
133329
133330
133331
133332
133335
133336
133337
133340
133341
133343
133344
133348
13335
133350
133351
133352
133353
133354
133356
133357
133359
13336
133364
133366
133367
133371
133375
13338
133380
133382
133383
133384
133386
133388
133392
133395
133397
133398
133399
1334
13340
133404
133405
133406
133407
133408
13341
133410
133411
133412
133413
133414
133415
133417
133419
133420
133425
133426
133428
133432
133435
133439
133440
133441
133443
133444
133446
133447
133448
133449
133450
133451
133453
133455
133457
133458
133462
133463
133464
133466
133467
133469
13347
133470
133473
133474
133476
133478
13348
133481
133483
133485
133486
133487
133489
133490
133491
133494
133495
133496
133497
133498
133499
133502
133503
133504
133505
133506
133507
13351
133510
133512
133513
133514
133515
133516
133517
133520
133521
133524
133525
133527
133529
133534
133535
133537
133538
133539
13354
133542
133546
133547
133548
13355
133550
133553
133554
133555
13356
133560
133562
133565
133568
133571
133572
133573
133575
133577
13358
133582
133584
133589
13359
133590
133591
133593
133594
133597
133599
13360
133600
133601
133602
133605
133606
133607
133609
13361
133610
133613
133614
133616
133617
13362
133623
133625
133626
133627
133628
13363
133630
133631
133632
133635
133636
133637
133638
133639
13364
133640
133642
133644
133645
133649
13365
133652
133655
133656
133658
133659
13366
133660
133661
133662
133664
133666
133668
133669
133671
133672
133674
133676
133677
133678
133679
133682
133683
133684
133685
133687
13369
133690
133692
133694
133695
133696
133697
133699
13370
133700
133704
133706
13371
133714
133718
13372
133720
133723
133725
133726
133728
133729
133731
133732
133733
133736
13374
133742
133743
133745
133749
13375
133750
133751
133752
133755
133756
133757
133758
133759
133761
133762
133766
133767
133768
133770
133772
133774
133776
133777
133779
13378
133780
133783
133785
133789
13379
133790
133792
133796
133797
133799
1338
133803
133807
133808
133809
13381
133810
133811
133812
133813
133814
133815
133816
133817
133818
133819
13382
133820
133821
133823
133824
133826
133827
133828
13383
133833
133835
133836
133837
133838
13384
133840
133841
133843
133845
133847
133848
133850
133852
133854
133855
133856
133858
133859
13386
133860
133861
133862
133863
133865
133866
133867
133868
13387
133870
133876
133878
13388
133882
133883
133885
133888
133889
13389
133893
133898
1339
13390
133901
133903
133904
133905
133906
133907
133908
133911
133912
133913
133914
13392
133925
133927
13393
133930
133932
133934
133936
133937
13394
133940
133942
133944
133945
133946
133948
13395
133952
133954
133957
133958
13396
133960
133961
133963
133967
133968
133969
133970
133971
133972
133977
133979
133980
133983
133985
133986
133990
133991
133992
133993
133994
133995
133996
133997
134
13400
134003
134004
134005
134007
13401
134013
134015
134016
134017
134018
134021
134022
134025
134026
134027
13403
134030
134034
134035
134038
13404
134041
134042
134044
134046
134047
134049
13405
134050
134051
134052
134053
134058
13406
134065
134068
134069
13407
134070
134071
134074
134077
134078
134080
134082
134083
134084
134086
134088
134089
13409
134091
134092
134094
134096
134098
134099
1341
13410
134103
134108
134113
134115
134116
13412
134122
134123
134129
13413
134130
134133
134135
134136
134137
134138
134139
134140
134142
134144
134146
134147
13415
134151
134152
134153
134154
134156
134159
13416
134163
134164
134165
134166
134168
134169
13417
134170
134171
134175
134179
13418
134180
134181
134184
134185
134187
134188
134189
13419
134191
134192
134193
134195
134196
134199
1342
13420
134201
134203
134205
134206
134208
134209
13421
134212
134213
134215
134216
134218
134219
134220
134221
134222
134224
134229
13423
134233
134234
134235
134237
134238
13424
134240
134243
134244
134247
134248
134249
13425
134252
134253
134255
134258
13426
134260
134264
134265
134266
134267
134268
134269
134270
134273
134274
134275
134277
134278
134279
13428
134280
134281
134282
134283
134285
134286
13429
134290
134291
134292
134295
134296
134298
134299
134301
134302
134305
13431
134310
134311
134313
134314
134319
134321
134323
134325
134328
134329
13433
134330
134333
134338
13434
134340
134341
134342
134344
134345
134348
134349
13435
134350
134351
134352
134353
134357
134361
134362
134363
134365
134367
134370
134371
134372
134377
134378
134379
134380
134381
134382
134383
134388
134389
13439
134391
134392
134394
134398
134399
1344
13440
134400
134401
134404
134408
134409
13441
134410
134413
134414
134418
134419
13442
134422
134423
134426
134427
134428
134429
13443
134432
134433
134434
134437
13444
134440
134449
13445
134450
134452
134454
134456
134457
134460
134461
134462
134464
134465
134466
134467
13447
134473
134475
134477
134480
134481
134488
13449
134491
134492
134493
134494
134495
134496
134499
134503
134505
134506
134513
134515
134522
134523
134524
134527
134529
134530
134533
134534
134537
134541
134542
134545
134547
134548
13455
134551
134552
134559
134560
134561
134563
134565
134566
134567
134570
134572
134576
134577
134579
134581
134583
134585
134586
134587
134589
13459
134594
134596
134597
134599
1346
134603
134605
134606
134608
134609
134613
134615
134616
134617
134618
134620
134622
134623
134624
134626
134629
13463
134630
134631
134635
134636
134638
13464
134642
134643
134645
134646
134647
13465
134653
134654
134656
134660
134662
134663
134664
134667
134669
13467
134670
134671
134672
134674
134675
134676
134678
13468
134695
134697
134698
1347
13470
134701
134702
134703
134704
134706
134707
134713
134715
134716
134719
13472
134720
134723
134725
134726
134728
134729
13473
134732
134733
134734
134735
134736
134738
13474
134740
134741
134743
134745
134747
134748
13475
134755
134756
134757
134760
134761
134763
134766
134768
134769
134770
134771
134772
134775
134777
134778
134779
13478
134781
134782
134786
134788
134789
134790
134791
134792
134795
134799
13480
134800
134802
134803
134805
134806
134808
134809
13481
134812
134814
134815
134817
134819
13482
134820
134821
134824
134825
134826
134827
134828
134830
134831
134838
13484
134842
134844
13485
134851
134853
134854
13486
134861
134862
134863
134864
134865
134868
13487
134870
134871
134872
134873
134874
134877
134879
13488
134881
134883
134887
13489
134890
134891
134896
134898
1349
13490
134901
134902
134903
134905
134906
134911
134915
134916
13492
134920
134922
134924
134925
134926
134927
134930
134931
134933
134935
134936
134940
134941
134944
134948
134949
13495
134951
134952
134953
134956
134957
134959
13496
134963
134964
134968
134969
134970
134972
134975
134976
134978
13498
134982
134983
134986
134987
134988
13499
134990
134993
134996
134998
134999
1350
13500
135001
135002
135003
135004
135005
135006
135008
135009
13501
135013
135014
135015
135016
135017
135018
13502
135025
135027
135028
13503
135031
135032
135033
135036
135038
135039
13504
135044
135045
135047
135048
135049
13505
135051
135053
135054
135055
135056
135057
13506
135062
135063
135064
135065
135066
135067
135069
135071
135072
135075
135078
13508
135080
135083
135089
135090
135091
135092
135093
135094
135095
135096
135097
1351
13510
135100
135102
135104
135105
135107
135108
13511
135110
135113
135114
135115
135118
135121
135122
135123
135124
135127
135129
135131
135133
135136
135137
135139
13514
135141
135143
135144
135145
135146
135147
135148
135152
135154
135156
13516
135161
135164
135165
135167
13517
135173
135175
13518
135180
135181
135182
135183
135186
135191
135192
135193
135194
135195
135196
135197
135198
1352
135200
135201
135202
135204
135207
135208
135209
135212
135213
135214
135215
135217
135223
135225
135230
135231
135232
135233
135235
135236
135239
13524
135243
135250
135251
135253
135254
135256
135257
135258
135259
13526
135260
135261
135262
135267
135268
13527
135270
135271
135272
135274
135278
13528
135280
135281
135283
135284
135288
135289
135290
135294
135296
135297
1353
13530
135301
135302
135303
135306
135308
135309
13531
135311
135312
135314
135318
13532
135320
135321
135322
135323
135326
135329
135330
135332
135336
135338
135339
13534
135341
135342
135343
135344
135345
135350
135351
135354
135356
135358
135360
135361
135365
135366
135367
135371
135375
135376
135377
135379
13538
135380
135383
135384
135385
135389
135391
135392
135393
135394
135395
135397
135398
135399
13540
135402
135403
135406
135408
135409
13541
135411
135415
135417
135418
135420
135421
135423
135424
135426
135428
135429
13543
135432
135434
135435
135437
135438
135440
135442
135443
135445
135446
135449
13545
135451
135452
135453
135454
135456
135458
135459
13546
135461
135462
135465
135466
135467
135468
135469
135471
135473
135474
135475
135479
13548
135480
135481
135482
135483
135484
135488
13549
135490
135491
135492
135494
135497
1355
135500
135501
135502
135504
135505
135506
135508
135512
135513
135515
135516
135518
13552
135520
135521
135524
135525
135526
135528
13553
135530
135531
135532
135533
135536
135537
135538
135539
13554
135540
135542
135543
135546
135547
13555
135550
135553
135560
135562
135563
13557
135570
135571
135573
135574
135575
135576
135577
135579
135580
135583
135585
135586
13559
135590
135591
135595
13560
135600
135601
135603
135606
135608
135609
13561
135610
135611
135612
135613
135616
135620
135622
135626
135628
135630
135634
135635
135636
135638
13564
135641
135642
135643
135644
135645
135647
13565
135652
135654
135656
135657
135658
135661
135666
135667
135669
13567
135671
135674
135676
135678
135679
135684
135685
135686
135690
135691
135694
135695
135696
135699
13570
135703
135707
135708
135709
13571
135711
135712
135713
135715
135716
135718
13572
135721
135722
135724
135729
13573
135730
135734
135735
135738
135739
13574
135740
135741
135742
135747
135748
135750
135751
135752
135753
135754
135755
135759
13576
135760
135761
135762
135763
135764
135767
135769
13577
135770
135771
135774
135775
135776
135777
135778
135779
13578
135780
135781
135782
135786
135787
135788
135789
135790
135791
135792
135794
135795
135798
1358
13580
135800
135802
135804
135806
135807
135811
135813
135814
135816
135817
135818
13582
135821
135822
135826
135827
135828
135829
13583
135833
135835
135836
135843
135846
135847
135848
13585
135850
135854
135856
13586
135861
135863
135864
135866
135868
135871
135874
135875
135877
135878
135880
135882
135884
135885
135886
135887
135889
135890
135893
135895
135896
135898
135899
1359
13590
135900
135901
135905
135906
135907
135908
135912
135913
135914
135915
135916
135918
135919
13592
135920
135921
135922
135923
135926
135927
135928
135929
13593
135930
135931
135932
135935
135936
135937
135939
135944
135945
135946
135948
135949
13595
135950
135954
135956
135958
135959
135960
135962
135963
135964
135966
135969
13597
135970
135972
135974
135976
135978
135979
135980
135983
135987
135988
13599
135992
135993
135998
135999
136
1360
136002
136005
136006
136009
136010
136011
136013
136015
136018
136021
136022
136023
136024
136026
136027
13603
136030
136032
136034
136035
136036
136039
13604
136040
136041
136044
136047
136049
136051
136053
136054
136056
13606
136061
136065
136066
136068
136069
13607
136071
136072
136073
136074
136079
13608
136083
136085
136087
136091
136092
136093
136095
136097
136098
136099
136100
136101
136103
136104
136105
136106
136107
136112
136115
136118
136119
136120
136121
136122
136123
136125
136126
136129
13613
136130
136131
136132
136134
136135
136139
13614
136140
136141
136143
136144
136149
136150
136152
136157
136158
136160
136162
136163
136164
136165
136167
136169
136171
136175
136177
136178
13618
136181
136184
13619
136190
136191
136192
136193
136197
1362
13620
136200
136201
136202
136205
136207
136211
136214
136215
136217
136219
13622
136220
136223
136224
136226
136228
13623
136230
136231
136235
136238
136239
136242
136243
136245
136246
136247
136249
13625
136250
136251
136252
136253
136254
136256
136257
136259
13626
136261
136265
136269
136275
136276
136277
13628
136280
136283
136285
136286
136287
136288
136292
136293
136294
136297
136298
1363
13630
136300
136301
136303
136305
136306
136309
13631
136311
136312
136314
136315
136316
136317
136319
13632
136322
136323
136324
136326
136327
136328
136330
136331
136332
136334
136337
136339
136340
136341
136344
136345
136347
136350
136352
136355
136356
136359
136360
136361
136363
13637
136370
136371
136374
136375
136378
136380
136381
136383
136384
136386
136387
136389
136390
136392
136394
136396
136397
136399
1364
13640
136401
136402
136403
136404
136405
136409
136413
136414
136416
136418
136421
136422
136428
136430
136431
136435
136437
136440
136441
136443
136446
136447
136448
13645
136452
136454
136456
136457
136459
136460
136462
136463
136468
136470
136471
136472
136473
136475
136478
136479
13648
136485
136487
136488
136490
136493
136495
136496
136497
13650
136500
136502
136509
136510
136513
136514
136516
136518
136520
136522
136523
136525
136526
136527
136528
13653
136534
136535
136537
136539
136540
136544
136547
136548
136549
13655
136553
136554
13656
136562
136563
136566
136568
136569
136571
136573
136575
136576
136577
136580
136583
136584
136585
136587
136589
136590
136593
136594
136595
1366
136600
136604
136606
136607
136609
13661
136610
136614
136615
136616
136617
136622
136624
136625
136626
136627
136628
136630
136631
136635
136636
136637
136639
13664
136640
136642
136644
136649
13665
136650
136651
136653
136657
136661
136667
136669
13667
136670
136671
136674
136675
136676
136677
136680
136683
136684
136685
136687
136688
136690
136691
136694
136696
136697
136698
136699
1367
136700
136701
136703
136704
136705
136706
136707
136709
136717
136720
136722
136723
136728
136729
13673
136733
136734
136735
136736
136738
136739
13674
136744
136745
13675
136750
136751
136752
136754
136755
136756
136757
13676
136761
136762
136763
136764
136767
136768
136769
13677
136771
136772
136773
136775
136779
136780
136784
136785
136787
136790
136791
136792
136793
136795
136797
136798
1368
13680
136804
136806
136808
136809
13681
136811
136812
136814
136815
136817
136818
136819
136820
136821
136824
136825
136826
13683
136835
136837
13684
136844
136845
136846
136850
136851
136852
136853
136856
136857
13686
136860
136861
136864
136866
136867
136868
136869
13687
136874
136876
136877
13688
136883
136884
136888
13689
136891
136892
136895
136896
136897
1369
136903
136905
136908
136909
13691
136913
136915
136916
136917
136918
136919
13692
136920
136921
136924
136927
136928
136929
13693
136930
136932
136933
136936
136937
136939
13694
136940
136941
136943
136944
136947
136948
136951
136952
136953
136954
136955
136956
136958
136960
136961
136962
136963
136964
136965
136966
136968
136969
136970
136973
136978
136979
13698
136983
136985
136987
136990
136992
136993
136999
137000
137002
137003
137004
137006
137009
13701
137010
137011
137013
137014
137015
137016
137017
137019
137021
137022
137025
137027
137028
137029
137032
137034
137035
137036
137037
137038
137040
137041
137042
137043
137047
137054
137056
137061
137062
137064
137067
137068
13707
137072
137074
137076
137077
137078
137079
137080
137085
137086
137087
137088
137091
137092
137095
137096
137097
137098
137099
13710
137100
137101
137103
137104
137106
137107
137109
13711
137110
137112
137113
137114
137115
137118
137122
137123
137124
137126
137127
137129
137130
137134
137135
137136
137137
137138
13714
137140
137143
137145
137146
137147
137151
137153
137154
137155
137156
137158
137159
13716
137163
137166
137168
137172
137175
137176
137180
137182
137188
13719
137191
137192
137194
137195
137196
13720
137200
137202
137205
137208
13721
137211
137212
137214
137217
137221
137224
137225
137226
137227
13723
137230
137232
137234
137235
137237
137240
137241
137242
137243
137244
137246
137247
137248
137250
137251
137254
137255
137264
137265
137269
137271
137272
137274
137278
137280
137285
137286
137289
137290
137291
137292
137294
137296
137297
137298
137299
1373
137300
137302
137303
137304
137305
137306
137307
137308
137309
13731
137311
137312
137313
137316
137317
137318
137319
13732
137323
137326
137331
137332
137333
137336
137337
137338
137339
137340
137342
137343
137344
137346
137348
13735
137350
137351
137353
137354
137355
137356
137357
137358
137360
137362
137363
137365
137367
137368
137369
13737
137370
137371
137375
137378
13738
137380
137383
137384
137386
137387
13739
137390
137391
137392
137393
137394
137395
137396
137397
137399
137401
137403
137404
137405
137407
137412
137413
137416
137417
137418
137419
13742
137420
137421
137423
137424
137427
137429
137432
137433
137434
137439
13744
137440
137441
137445
137446
137448
137450
137452
137453
137455
137456
137457
137458
13746
137460
137461
137462
137466
137469
137470
137472
137474
137476
137479
137480
137481
137482
137484
137485
137486
137487
137489
137492
137495
137496
1375
13750
137502
137504
137506
137509
13751
137511
137512
137513
137514
137516
137518
13752
137521
137522
137523
137527
137528
137529
13753
137530
137532
137534
137537
137538
137541
137547
137549
13755
137551
137552
137553
137554
137555
137559
137561
137562
137563
137564
137566
137569
13757
137570
137572
137573
137574
137576
137577
137578
13758
137582
137583
137584
137586
137587
137589
137592
137593
137594
137599
13760
137601
137605
137607
137608
137614
137615
137619
137620
137621
137622
137623
137624
137627
137629
13763
137630
137631
137635
137637
137638
137639
13764
137642
137644
137645
137647
137650
137653
137654
137655
137658
137659
13766
137660
137661
137662
137665
137666
137671
137678
137681
137682
137683
137684
137685
137687
137688
137692
137693
1377
13770
137702
137704
137705
137706
137707
137708
13771
137711
137715
137717
137720
137721
137724
137726
137729
137731
137732
137733
137734
137736
137739
13774
137741
137742
137746
137749
137753
137754
137755
137756
137757
13776
137761
137762
137763
137764
137766
137767
137768
137769
13777
137773
137774
137775
137776
137777
13778
137780
137781
137783
137785
137788
13779
137791
137796
137798
137799
1378
13780
137801
137802
137805
137806
137807
137808
13781
137811
137820
137822
137823
137825
137826
137827
137829
13783
137830
137837
137839
137841
137842
137843
137847
137849
13785
137851
137852
137854
137855
137856
137857
137859
13786
137860
137862
137863
137865
137866
137868
137869
13787
137870
137873
137875
137877
137878
137881
137882
137883
137884
137887
137888
137895
137896
137898
137899
137902
137903
137904
137905
137906
137907
137911
137914
137915
137919
137920
137926
137927
137928
13793
137930
137931
137934
13794
137944
137945
137947
13795
137950
137953
137957
137959
137961
137962
137964
137967
137968
137970
137972
137975
137977
137979
13798
137981
137982
137984
137985
137987
137989
137990
137991
137993
137997
1380
13800
138003
138004
138005
138006
138008
138012
138013
138014
138015
138017
138019
138020
138021
138023
138026
138027
138029
13803
138031
138033
138034
138035
138037
13804
138040
138043
138045
138048
138051
138054
138056
13806
138063
138064
138065
138066
138070
138071
138072
138073
138076
13808
138080
138081
138085
13809
138090
138092
138094
138096
138097
138098
138099
13810
138102
138103
138104
138105
138106
138107
138109
138111
138113
138114
138120
138126
138127
138131
138132
138133
138134
138135
138137
138142
138144
138145
138146
13815
138150
138151
138153
138155
138156
138158
13816
138160
138161
138162
138163
138164
138168
13817
138170
138175
138176
138177
138178
138179
13818
138180
138185
138186
138187
138190
138192
138193
138195
138196
13820
138201
138203
138205
138208
13821
138214
138215
138216
138219
138221
138222
138223
13823
138231
138233
138234
138236
138238
138252
138253
138254
138258
13826
138264
138265
138266
138267
138268
13827
138271
138273
138274
138276
138277
138278
138279
13828
138280
138282
138285
138286
138292
138294
138296
138297
138298
138299
138302
138304
138308
13831
138310
138312
138313
138314
138317
138320
138321
138322
138324
138325
138326
138327
138329
138330
138331
138332
138334
138339
138342
138344
138345
138346
138348
138349
138351
138354
138355
138357
138358
138362
138367
138370
138372
138373
138374
138376
138377
13838
138381
138383
138384
138388
13839
138392
138393
138394
138395
138396
138398
1384
138400
138402
138403
138404
138406
138409
13841
138410
138412
138415
138418
138419
13842
138420
138421
138422
138424
138425
138427
138428
138429
13843
138431
138434
138435
138436
138439
138443
138444
138447
138449
13845
138450
138451
138454
138455
138456
138458
138459
138461
138464
138467
138472
138478
13848
138480
138483
138485
138486
138487
13849
138490
138491
138492
138499
138500
138504
138505
138506
13851
138510
138511
138513
138514
138515
138516
138517
138519
138520
138521
138526
138528
13853
138530
138531
138532
138533
138535
138536
138538
138539
13854
138542
138545
138546
138547
138549
13855
138550
138552
138553
138554
138555
138556
138557
13856
138561
138562
138567
138569
13857
138573
138575
138576
138577
138580
138581
138584
138586
138587
138588
138589
138591
138594
138599
1386
138601
138602
138603
138610
138612
138613
138616
138619
138620
138621
138622
138624
138625
138629
13863
138630
138632
138636
138637
138638
13864
138641
138642
138645
138646
138647
138648
138649
13865
138651
138653
138654
138655
138656
138659
13866
138660
138661
138662
138666
138668
13867
138671
138672
138673
138674
138675
138676
138677
138680
138681
138683
138684
138688
138689
13869
138690
138691
138693
138694
138696
138698
1387
13870
138700
138704
138705
138708
138709
13871
138711
138712
138713
138714
138715
138716
138717
13872
138720
138721
138722
138723
138724
138727
138729
138735
138737
138738
138739
138742
138743
138745
138746
138748
13875
138752
138753
138756
138757
138759
13876
138761
138763
138764
138765
138766
138768
138772
138773
138774
138776
138777
138779
138782
138783
138784
138785
138789
13879
138790
138792
138794
138796
138797
1388
138803
138806
138808
138809
138811
138813
138814
138816
138819
138820
138821
138824
138827
138829
13883
138830
138831
138835
138838
138839
138843
138844
138847
138849
138851
138855
138856
138857
13886
138861
138862
138864
138865
138866
138867
138868
138869
138870
138871
138878
13888
138880
138881
138882
138888
138889
13889
138890
138892
138893
138894
138896
138898
1389
13890
138904
138906
138907
138908
138910
138912
138916
138919
138924
138926
138928
138929
13893
138930
138931
138935
138937
138939
13894
138940
138944
138945
138946
138948
13895
138950
138954
138955
138956
138959
13896
138960
138961
138964
138966
138967
138968
13897
138970
138971
138975
138977
13898
138980
138981
138983
138985
138986
138987
138988
13899
138990
138991
138992
138993
138994
138995
138996
138998
138999
139
1390
139000
139002
139003
139004
139005
139009
139010
139011
139012
139014
139016
139017
139018
139019
139021
139024
139026
139027
139028
139029
13903
139030
139032
139033
139034
139036
139037
139038
139042
139044
139048
139052
139054
139055
139059
139060
139061
139063
139066
139067
139068
139069
139070
139071
139078
139079
13908
139080
139081
139082
139089
13909
139091
139092
139094
139097
139101
139102
139105
139107
139108
139109
139111
139114
139115
139116
139119
13912
139121
139127
139128
139129
13913
139131
139132
139134
139135
139140
139142
139144
139145
139146
139147
139148
13915
139150
139152
139153
139155
139156
139158
139162
139164
139169
13917
139172
139177
139178
139179
13918
139180
139183
139184
139185
139187
139188
139189
139190
139191
139194
139195
139197
139199
1392
13920
139200
139202
139203
139204
139205
139206
139207
139208
139209
139215
139216
139217
139218
139219
139221
139222
139226
139227
139228
13923
139235
139241
139242
139243
139246
139247
139248
139249
13925
139250
139253
139254
139257
139259
13926
139260
139263
139266
139267
139269
13927
139270
139271
139277
139279
139281
139282
139284
139285
139286
13929
139290
139291
139299
1393
139301
139302
139303
139304
139307
139308
139309
13931
139310
139314
139322
139326
139328
13933
139330
139332
139333
139334
139335
139336
139337
139339
13934
139341
139345
139346
139347
139348
139349
139351
139352
139353
139354
139356
139357
139358
139359
13936
139362
139364
139366
139368
13937
139373
139376
139377
139378
139380
139381
139382
139384
139389
139392
139393
139396
1394
13940
139400
139401
139404
139405
139409
139410
139411
139412
139417
139418
139419
13942
139421
139422
139423
139424
139426
139427
139428
139429
13943
139430
139435
139436
139437
139439
139447
139449
139450
139451
139452
139453
139454
139458
13946
139465
139466
139467
139468
139475
139476
139479
139480
139484
139485
139489
139490
139491
139492
139495
139496
139497
139499
1395
13950
139502
139503
139507
139508
13951
139511
139512
139513
139514
139516
139517
139518
13952
139524
139526
139527
139530
139533
139536
139537
139539
139542
139546
139548
139550
139551
139552
139553
139554
139555
139557
139559
13956
139561
139563
139567
139568
13957
139571
139572
139574
139575
139576
139578
13958
139581
139583
139585
139586
13959
139591
139593
139595
139597
139599
1396
139601
139605
139606
139614
139615
139617
139618
139619
139620
139622
139626
139629
13963
139635
139636
139637
139638
139645
139647
139648
139653
139654
139655
13966
139660
139661
139663
139666
139668
13967
139670
139673
139676
139682
139683
139685
139689
13969
139692
139693
139694
139695
139696
1397
139700
139702
139703
139708
139709
13971
139712
139713
139718
13972
139720
139723
139724
139727
139729
13973
139731
139733
139734
139737
139738
13974
139740
139742
139743
139744
139745
13975
139751
139752
139754
139755
13976
139760
139761
139764
139768
139769
13977
139770
139771
139775
139777
139778
139780
139781
139783
139785
139787
139788
139789
13979
139793
139796
139797
139798
139799
139800
139801
139803
139804
139806
139807
139809
139814
139815
139816
139817
139818
139819
139822
139823
139826
139827
139828
139829
139831
139832
139834
139835
13984
139840
139847
139848
13985
139850
139851
139852
139854
139856
139857
139858
139859
13986
139861
139864
139865
139866
139867
139868
139869
13987
139876
139877
13988
139880
139882
139886
139888
139890
139891
139892
139894
139896
139898
13990
139902
139904
139905
139906
139907
139910
139912
139913
139915
139918
139920
139921
139922
139924
139928
139929
139932
139933
139936
139937
139938
139940
139941
139942
139943
139944
139945
139947
139948
139949
139950
139951
139952
139954
139955
139956
139957
139958
13996
139961
139964
139965
139966
139968
13997
139970
139971
139972
139975
139976
139979
13998
139981
139985
139989
13999
139990
139991
139992
139993
139997
139999
14
140
140003
140004
140005
140006
140007
140008
140009
14001
140013
140015
140016
140017
140018
140021
140023
140024
140026
140027
140029
14003
140031
140032
140033
140036
140039
140041
140047
140048
140049
140051
140052
140053
140057
140058
140059
14006
140066
140074
140075
140079
140080
140082
140083
140084
140086
140091
140093
140095
140096
140097
140098
140102
140103
140107
140109
140111
140112
140115
140120
140121
140122
140125
140126
140128
140129
14013
140130
140132
140133
140134
140136
140138
14014
140140
140143
140146
140149
140152
140154
140158
140159
140161
140163
140166
140167
140171
140173
140174
140177
140179
14018
140180
140181
140184
140185
140186
140187
140188
14019
140190
140191
140192
140194
140195
140196
140198
1402
14020
140201
140202
140203
140204
140205
140208
14021
140210
140215
140218
14022
140220
140221
140224
140226
14023
140231
140232
140233
140234
140239
140241
140242
140243
140245
140246
140247
140248
140249
140250
140251
140252
140253
140257
140258
14026
140261
140262
140263
140264
140267
140268
140273
140274
140275
140276
140277
140280
140281
140282
140285
140286
140288
140289
14029
140292
140297
1403
140300
140304
140308
140309
14031
140312
140315
140317
14032
140320
140322
140324
140325
140326
14033
140330
140331
140332
140333
140334
140335
140336
140339
14034
140341
140346
140347
140348
14035
140350
140351
140353
140354
140357
140359
140363
140364
140365
140367
140369
14037
140372
140374
140375
140378
14038
140382
140383
140385
140387
140388
140393
140394
140395
140396
140397
140398
1404
140402
140403
140405
140407
140408
14041
140411
140412
140413
140414
140417
14042
140420
140423
140424
140425
140426
140427
140428
140432
140434
140436
140437
140438
140439
140443
140446
140448
14045
140452
140454
140455
140458
140459
14046
140461
140464
140465
140467
140468
140469
14047
140472
140473
140474
140475
140477
14048
140480
140482
140483
140484
140485
140487
14049
140490
140492
140493
140494
140495
140496
140497
140498
1405
140502
140505
140509
140511
140512
140513
14052
140521
140523
140526
140527
140528
14053
140530
140531
140532
140536
140537
140538
140542
140544
140546
140547
14055
140551
140553
140558
140559
14056
140562
140563
140564
140565
140566
140570
140575
140576
140577
140579
14058
140582
140585
140586
140589
140591
140593
140595
140598
1406
140600
140601
140603
140604
140605
140606
140608
140610
140611
140612
140613
140618
140619
14062
140621
140622
140624
140626
140628
140629
140630
140632
140633
140634
140636
140638
140640
140642
140643
140644
140646
140647
140648
140652
140653
140657
140659
140660
140662
140663
140664
140665
140666
140669
140670
140671
140672
140673
140674
140675
140678
140682
140684
140685
140686
140688
140689
140691
140692
140694
140697
140698
1407
140700
140702
140703
140704
140705
140708
140711
140713
140714
140715
140716
140717
140718
140721
140723
140725
140727
140728
140730
140731
140734
140736
140737
14074
140740
140743
140746
140748
140749
14075
140750
140754
140757
140759
140760
140765
14077
140771
140772
140774
140776
140778
14078
140780
140783
140784
140785
140786
14079
140790
140791
140793
140794
140795
140796
140798
140799
1408
14080
140800
140802
140805
140806
140807
140808
140809
14081
140815
140817
140821
140823
140826
14083
140830
140831
140833
140838
140839
140840
140843
140846
140847
140849
140852
140854
140858
140859
140861
140862
140866
140868
140871
140873
140874
140875
140876
140884
140886
140887
140888
140890
140891
140893
140894
140895
140896
140897
140898
140899
1409
14090
140900
140904
140905
140906
140907
140908
14091
140911
140912
140914
140915
140916
140918
140919
14092
140920
140921
140922
140923
140925
140926
140928
14093
140930
140931
140932
140933
140934
14094
140943
140945
140946
140947
140951
140952
140953
140956
140958
140959
14096
140960
140962
140964
140965
140966
140971
140973
140978
140982
140987
140988
14099
140990
140992
140994
140996
140997
140998
14100
141000
141003
141005
141009
14101
141010
141012
141019
141023
141024
141025
141027
141033
141035
141036
141037
141039
141042
141044
141046
141050
141057
14106
141060
141062
141064
141065
141066
141067
141068
141069
141070
141071
141072
141074
141075
141079
14108
141080
141081
141084
141088
141093
141095
141096
141098
1411
14110
141103
141105
141106
14111
141112
141113
141117
141119
14112
141120
141123
141124
141125
141126
141129
141130
141133
141134
141136
141137
141138
141139
141141
141142
141143
141145
141147
141148
141149
141151
141153
141154
141155
141157
141159
14116
141160
141161
141162
141163
141164
141165
141166
141168
141169
141170
141171
141174
141176
141177
141179
14118
141183
141184
141186
141187
141188
141189
141190
141191
141192
141194
141195
141197
141199
141202
141203
141207
141209
14121
141210
141211
141214
141217
141218
14122
141220
141221
141223
141225
141226
141228
14123
141231
141232
141235
141236
141240
141242
141244
141249
14125
141251
141253
141255
141256
141258
14126
141261
141267
141268
141269
141271
141273
141276
141278
141279
14128
141280
141282
141284
141287
141288
141293
141294
141295
141296
141298
141299
1413
141301
141302
141304
141306
141312
141313
141314
141315
141316
141318
141319
14132
141321
141324
141326
141328
141329
141330
141333
141334
141335
141336
141341
141342
141346
141349
141355
141356
141358
141359
141362
141363
141367
141369
14137
141370
141373
141380
141381
141382
141384
141385
141386
141387
141388
141390
141392
141394
141401
141402
141405
141406
141409
14141
141410
141412
141416
141417
141418
141421
141422
141423
141426
14143
141432
141435
141438
141439
14144
141441
141442
141443
141445
141446
141447
141449
141450
141452
141454
141458
14146
141461
141462
141464
141466
141469
14147
141472
141482
141484
141486
141487
141488
14149
141496
141499
1415
14150
141502
141504
141506
141507
14151
141510
141511
141512
141513
141515
141519
141522
141523
141525
141527
141528
141529
14153
141530
141531
141533
141534
141536
141537
141538
141539
14154
141542
141543
141546
141548
141549
141551
141557
141559
14156
141561
141562
141566
141567
141568
141570
141572
141577
141578
14158
141580
141582
141584
141585
141586
141587
141589
141590
141591
141592
141596
141597
141599
1416
14160
141600
141601
141603
141606
141607
14161
141610
141611
141612
141613
141619
141621
141622
141628
141630
141634
141636
141638
141639
141641
141643
141645
141646
141647
141649
14165
141655
141656
141657
141658
141660
141661
141662
141663
141665
141669
141675
141677
141679
141682
141683
141686
141687
141688
141689
14169
141693
141694
141695
141696
1417
141702
141704
141706
141707
141708
141709
14171
141710
141713
141714
141719
14172
141721
141723
141724
141725
141726
141727
141730
141731
141732
141733
141735
141738
141739
14174
141740
141743
141745
141748
14175
141752
141753
141757
141758
141759
141760
141761
141762
141765
141766
141768
14177
141773
141775
141776
141777
141778
141779
141780
141782
141784
141785
141786
141789
141790
141791
141792
141793
141796
141798
141799
14180
141802
141805
141809
14181
141810
141813
141815
141817
141818
141819
14182
141822
141824
141829
141831
141832
141833
141834
141835
141836
141838
141839
141842
141846
14185
141850
141851
141853
141854
141855
141861
141862
141863
141864
141867
141872
141873
141877
14188
141881
141884
141886
141887
141888
141892
141893
141895
141898
141903
141905
141907
141910
141911
141916
141919
141922
14193
141931
141936
141937
14194
141940
141943
141948
141949
14195
141950
141951
141953
141956
141957
141959
14196
141962
141963
141965
14197
141974
141976
141978
141979
14198
141980
141981
141983
141985
141989
14199
141993
141995
141997
141998
141999
14200
142001
142002
142004
142005
142006
142008
142009
14201
142018
142019
142020
142024
142025
142026
142027
142029
14203
142034
142035
142037
142038
142040
142043
142044
142046
142047
142049
14205
142051
142052
142057
14206
142061
142064
142065
142066
142067
142070
142074
142075
142076
142077
142083
142084
142085
142088
14209
142090
142091
142093
142098
1421
142100
142102
142103
142104
142107
142108
14211
142110
142112
142115
142116
14212
142120
142121
142127
142128
142131
142133
142137
142140
142146
142151
142154
142155
142156
14216
142160
142162
142167
142168
142171
142172
142174
142178
142180
142181
142182
142186
142187
142189
14219
142190
142191
142192
142193
142194
142197
1422
14220
142200
142201
142203
142204
142205
142206
142207
142210
142212
142213
142214
142215
142216
142217
142219
14222
142222
142225
142227
142229
142230
142231
142234
142235
142236
142239
14224
142241
142244
142245
142246
142249
142253
142255
142256
142259
142261
142263
142264
142265
142267
142268
14227
142270
142272
142274
142277
142278
142279
14228
142282
142283
142284
142285
142288
142289
142290
142291
142295
142296
142298
142299
1423
14230
142300
142302
142303
142304
142305
142306
142308
14231
142310
142311
142312
142313
142314
142318
142319
14232
142320
142321
142322
142328
14233
142330
142331
142334
142337
14234
142340
142344
142347
142348
142350
142352
142355
14236
142360
142363
142369
14237
142370
142371
142373
142374
142377
142379
142381
142383
142386
142387
142389
142392
142393
142395
142398
142399
1424
142401
142403
142404
142405
142406
142407
142408
142411
142412
142414
142415
142416
142417
142419
142420
142421
142422
142424
142425
142426
142427
14243
142430
142431
142434
142436
14244
142441
142442
142443
14245
142450
142454
142458
14246
142460
142461
142462
142465
142468
142469
14247
142471
142473
142477
142481
142484
142489
14249
142493
142495
142499
1425
142501
142508
14251
142510
142512
142513
142514
142515
142517
142518
142519
142524
142525
142530
142532
142537
142542
142544
142546
142548
142553
142554
142556
142557
142558
142559
142561
142564
142565
142568
142573
142574
142575
142577
142580
142581
142582
142584
142585
142588
142590
142591
142593
142594
142599
1426
14260
142600
142601
142603
142604
142605
142609
14261
142610
142612
142615
142616
142618
142622
142625
142626
142629
142634
142636
142638
142640
142641
142645
142646
142647
142648
14265
142651
142652
142653
142655
142660
142661
142662
142663
142665
142666
142668
142670
142673
142674
142675
142677
14268
142681
142682
142684
142685
142686
142689
14269
142694
142695
142696
142699
1427
14270
142701
142702
142703
142705
142706
142707
142708
142711
142712
142717
142719
142722
142723
142729
142734
142738
142739
14274
142740
142742
142744
142745
14275
142751
142753
142754
142759
14276
142760
142761
142763
142765
142767
14277
142770
142771
142772
142778
142781
142783
142784
142785
142787
142789
14279
142791
142793
142795
142797
142799
142804
142805
142806
142807
142808
142809
14281
142810
142813
142816
142817
142818
142819
142820
142821
142823
142825
142827
142828
142829
14283
142830
142832
142834
142836
142837
142839
14284
142841
142843
142844
142845
142846
142847
142848
142850
142852
142859
14286
142860
142863
142865
142868
142869
142871
142873
142874
142876
142879
142882
142884
142885
142887
142888
142889
142890
142891
142893
142896
142897
142899
142900
142901
142903
142905
142908
142909
142912
142916
142918
142921
142923
142928
142929
142931
142935
142937
142938
14294
142940
142942
142945
142947
142948
142952
142954
142957
142958
142959
142960
142961
142963
142965
142967
142968
14297
142972
142973
142975
142977
142979
142981
142984
142985
142986
142987
14299
142991
142992
142993
142994
142996
142997
142999
143
1430
143001
143002
143003
143004
143005
143008
143012
143013
143014
143015
143018
143019
143023
143027
143029
143030
143033
143034
143036
143037
143039
143044
143045
143046
143047
143051
143052
143053
143054
143055
143056
143057
143058
143061
143062
143064
143065
143066
143069
143070
143071
143072
143074
143075
143077
143080
143081
143082
143083
143084
143085
143087
143088
143089
143094
143096
143097
143099
1431
14310
143100
143101
143102
143106
143108
143109
14311
143113
143119
14312
143120
143121
143122
143123
143125
143127
143129
14313
143130
143131
143132
143138
143141
143143
143145
143146
14315
143151
143154
143156
143158
14316
143162
143163
143164
143171
143173
143174
143177
143178
143185
143186
143188
143189
143191
143192
143194
143195
143196
143197
14320
143200
143201
143202
143203
143205
143206
143209
143210
143211
143212
143214
143215
143216
143217
143218
14322
143220
143223
143224
143225
143226
143228
14323
143231
143235
143237
143239
143241
143242
143246
14325
143251
143252
143256
143257
143258
143260
143263
143265
143267
143269
14327
143270
143273
143274
143275
143276
143277
143279
14328
143282
143283
143284
143285
143286
143287
143289
143291
143295
143297
1433
14330
143301
143303
143304
143306
143309
143311
143314
143315
143316
143318
14332
143322
143323
143328
143331
143334
143336
143338
143339
143341
143342
143343
143344
143346
143347
143348
143349
14335
143350
143353
143354
143355
143358
143360
143363
143365
143368
143369
14337
143370
143373
143375
143376
143377
143380
143383
143388
143391
143392
143393
143394
143395
143396
143397
143398
143400
143401
143403
143404
143406
143408
143412
143415
143416
143417
143418
143419
143422
143425
143426
143427
143430
143431
143432
143433
143434
143436
143437
143438
14344
143440
143443
143444
143446
143447
143448
14345
143453
143455
143456
143457
143460
143464
143465
143472
143473
143478
143479
143480
143483
143485
143488
143489
143490
143493
143494
143495
143496
14350
143500
143501
143502
143505
14351
143510
143513
143516
143518
14352
143521
143523
143525
143527
143530
143531
143532
143533
143535
143536
143541
143543
143547
143549
14355
143550
143554
143555
143556
143557
143558
143559
143561
143563
143566
143567
143568
143569
14357
143570
143575
143576
143577
143578
14358
143580
143581
143582
143585
143586
143587
143588
143589
143590
143593
143597
143598
143599
1436
14360
143602
143607
143609
143611
143612
143613
143618
14362
143623
143626
143627
143628
143630
143634
143635
143637
143638
143639
143642
143645
143647
143648
14365
143650
143652
143655
143657
143658
143664
143666
143667
143668
143669
143671
143674
14368
143680
143681
143682
143683
143685
143686
143688
143690
143693
143699
143700
143702
143703
143704
143709
14371
143711
143713
143715
143718
143725
143728
143729
143730
143731
143733
143740
143743
143745
143748
143749
14375
143751
143756
143759
14376
143764
143765
143766
143767
143769
14377
143772
143773
143774
143776
143778
14378
143780
143781
143783
143784
143787
14379
143790
143791
143792
143793
143795
143796
143797
143798
143799
1438
14380
143800
143801
143803
143805
143807
143808
143809
14381
143810
143812
143813
143816
143817
143819
143820
143821
143823
143824
143825
143826
143827
143828
143830
143832
143836
143838
14384
143840
143842
143843
143845
143847
143849
143851
143852
143854
143855
143858
143861
143862
143864
143865
143867
143870
143871
143873
143875
143876
143877
14388
143881
143885
143888
14389
143891
143892
143896
1439
14390
143902
143903
143905
143906
143908
14392
143920
143922
143924
143927
14393
143930
143938
14394
143940
143941
143942
143943
143945
143947
143948
143950
143957
143959
14396
143960
143962
143963
143967
143969
14397
143970
143971
143972
143974
143975
143976
143978
14398
143981
143982
143983
143985
143986
143987
143988
143989
143990
143991
143993
143994
143995
143996
143999
1440
14400
144000
144001
144002
144003
144005
144008
144009
14401
144012
144014
144015
144017
14402
144021
144023
144024
144026
144029
14403
144030
144031
144034
144035
144039
14404
144040
144041
144043
144045
14405
144050
144051
144053
144054
144057
144058
144059
14406
144062
144063
144065
144066
14407
144070
144071
144072
144073
144075
144076
14408
144080
144081
144083
144084
144086
144087
144088
144089
144090
144091
144094
144095
144097
144098
1441
14410
144101
144102
144104
144105
144106
144108
144109
14411
144110
144113
144114
144115
144116
144117
144119
144120
144121
144122
144124
14413
144130
144132
144135
144138
144139
144140
144141
144142
144143
144146
144150
144156
144159
14416
144173
144174
144177
144179
14418
144182
144183
144184
144185
144187
144188
144192
144193
144195
144196
144198
144199
14420
144201
144202
144204
144205
144206
144209
144210
144212
144214
144215
144218
144219
144220
144223
144224
144225
144226
144227
144229
144230
144232
144233
144236
144237
144238
144240
144241
144243
144248
144249
14425
144251
144252
144253
144254
144255
144256
144257
144259
144260
144264
144265
144267
14427
144273
144277
144278
144281
144282
144283
144284
144285
144289
144291
144298
144299
1443
14430
144300
144302
144303
144305
144306
144308
144309
144310
144314
144315
144317
144318
144319
14432
144320
144322
144325
144326
144329
144331
144332
144334
144339
14434
144343
144345
14435
144352
144353
144354
144356
144359
14436
144360
144362
144364
144367
144368
144369
14437
144370
144372
144374
144375
144376
144378
14438
144380
144382
144383
144384
144386
144387
144388
144389
14439
144392
144399
1444
144402
144403
144404
144407
144411
144412
144413
144414
144416
144418
144422
144423
144424
144426
144427
144428
144429
144431
144432
144434
144435
144437
144438
14444
144442
144444
144445
144448
144450
144451
144452
144454
144455
144458
144459
14446
144461
144463
144466
144467
144468
144469
14447
144470
144471
144473
144474
144475
144476
144478
144480
144481
144482
144483
144486
144487
144488
144489
144490
144491
144494
144495
144496
14450
144501
144503
144506
144507
144508
14451
144512
144513
144516
144517
144518
144523
144524
144528
144529
144532
144534
144537
14454
144540
144541
144546
144547
144551
144554
144555
144556
144557
144559
144561
144564
144566
144568
144569
14457
144570
144572
144573
144574
144578
144579
14458
144581
144583
144584
144585
144586
144587
144589
144590
144591
144593
144595
144597
144598
144599
14460
144601
144602
144603
144604
144605
144607
144608
144610
144614
144615
144620
144621
144623
144624
144628
144629
144631
144632
144637
144638
144639
144641
144642
144645
144646
144647
144649
14465
144652
144654
144655
144656
144657
144658
144659
14466
144662
144663
144664
144665
144666
144667
144672
144677
144678
144679
14468
144680
144683
144684
144685
144687
14469
144699
1447
14470
144701
144703
144704
144705
144706
144707
144710
144711
144712
144713
144717
144724
144726
144731
144733
144734
144735
144737
144740
144742
144744
14475
144751
144752
144753
144756
144757
14476
144762
144763
144767
144768
144769
144770
144771
144772
144773
144779
14478
144781
144783
144786
144789
144790
144791
144793
144794
144795
144796
144797
144798
144799
144800
144805
144808
144809
14481
144812
144813
144815
144817
144820
144822
144824
144825
144826
144827
14483
144830
144833
144834
144836
144838
144841
144842
144843
144844
144845
144846
144847
144848
14485
144850
144851
144852
144855
144857
144858
14486
144862
144863
144864
144866
144868
144870
144872
144874
144875
144876
144878
144879
144882
144883
144885
144886
144887
144888
144889
14489
144891
144894
144896
144897
144898
1449
14490
144901
144902
144905
144906
144907
144908
144909
144911
144912
144914
144917
144918
144919
144925
144926
144927
144928
14493
144930
144932
144934
144937
144938
144943
144944
144946
144947
14495
144951
144952
144953
144957
14496
144960
144962
144963
144964
144967
144969
144974
144975
144978
144980
144982
144984
144985
144986
144987
144988
144992
144993
144996
144997
1450
145001
145004
145005
145006
145009
14501
145010
145014
145015
145017
145018
145021
145024
145025
145026
145027
14503
145031
145034
145036
145037
14504
145043
145048
145049
145051
145056
145057
145058
14506
145060
145061
145062
145064
145065
145068
145069
14507
145071
145073
145076
14508
145085
145086
145087
145094
145095
145097
145099
1451
14510
145101
145103
145107
14513
1453
76098
76100
76101
76105
76182
76183
76193
76195
76204
76209
76210
76211
76221
76222
76223
76224
76225
76227
76232
76235
76237
76239
76243
76244
76245
76249
76251
76253
76255
76256
76258
76259
76260
76262
76263
76268
76269
76270
76271
76275
76279
76284
76287
76288
76295
76297
76301
76304
76306
76312
76323
76328
76330
76333
77119
77122
77124
77130
77131
77132
77141
77144
77149
77151
77159
77163
77167
77173
77175
77176
77178
77181
77182
77183
77186
77197
77204
77207
77209
77212
77213
77217
77219
77220
77224
77225
77226
77228
77230
77232
77234
77239
77241
77242
77245
77247
77248
77251
77262
77268
77271
77277
77280
77288
77289
77294
77298
77300
77302
77308
77313
77316
77317
77318
77320
77322
77324
77329
77330
77331
77332
77345
77350
77352
77373
77374
77376
77381
77389
77393
77395
77397
77404
77413
77415
77417
77419
77423
77425
77428
77439
77443
77448
77457
77458
77461
77468
77469
77472
77474
77475
77476
77477
77479
77492
77493
77500
77507
77518
77523
77524
77526
77527
77531
77532
77533
77535
77538
77541
77542
77549
77550
77560
77566
77569
77574
77580
77583
77588
77590
77593
77598
77600
77603
77607
77611
77618
77621
77624
77626
77629
77633
77642
77653
77655
77657
77659
77661
77663
77666
77671
77675
77676
77677
77681
77683
77690
77694
77704
77710
77711
77714
77719
77723
77726
77729
77735
77736
77737
77739
77740
77748
77756
77758
77760
77764
77767
77769
77775
77781
77784
77787
77790
77794
77795
77797
77799
77808
77813
77823
77824
77830
77842
77848
77849
77851
77852
77854
77855
77858
77865
77866
77867
77870
77871
77881
77895
77902
77903
77912
77917
77926
77927
77929
77930
77931
77933
77941
77943
77944
77946
77957
77966
77968
77972
77974
77976
77979
77982
77984
77991
77992
77997
77998
78003
78008
78009
78012
78014
78015
78024
78025
78026
78027
78032
78033
78036
78042
78044
78048
78050
78051
78052
78059
78066
78067
78082
78088
78092
78095
78103
78106
78110
78111
78113
78114
78117
78128
78130
78133
78134
78136
78138
78144
78145
78147
78148
78157
78163
78164
78169
78172
78176
78180
78181
78182
78183
78185
78191
78209
78210
78212
78213
78215
78224
78226
78229
78230
78232
78238
78239
78244
78247
78255
78259
78260
78262
78263
78268
78273
78274
78278
78279
78281
78283
78285
78286
78287
78289
78294
78305
78306
78308
78309
78310
78312
78320
78329
78334
78335
78336
78342
78347
78349
78351
78357
78358
78359
78365
78366
78367
78374
78378
78379
78380
78386
78389
78397
78400
78401
78406
78417
78418
78432
78433
78436
78443
78445
78450
78452
78457
78458
78459
78466
78468
78470
78484
78493
78498
78504
78507
78512
78515
78516
78518
78520
78525
78527
78528
78533
78540
78542
78543
78544
78545
78547
78553
78554
78562
78566
78578
78588
78590
78595
78599
78608
78611
78618
78632
78633
78639
78643
78646
78650
78653
78654
78657
78659
78660
86369
86370
86371
86373
86374
86378
86379
86381
86382
86384
86387
86389
86390
86391
86396
86398
86400
86405
86406
86415
86432
86434
86438
86440
86441
86442
86446
86449
86450
86453
86457
86462
86465
86466
86469
86474
86475
86482
86483
86485
86491
86494
86496
86500
86502
86510
86513
86519
86523
86537
86541
86542
86546
86547
86555
86556
86559
86560
86564
86566
86578
86581
86582
86583
86586
86592
86598
86601
86602
86614
86618
86619
86623
86624
86625
86626
86628
86630
86637
86639
86652
86655
86659
86802
86805
86814
86819
86820
86824
86827
86829
86830
86831
86832
86836
86838
86839
86840
86853
86856
86859
86860
86861
86862
86867
86870
86876
86881
86882
86883
86885
86887
86890
86892
86900
86907
86909
86912
86913
86914
86921
86924
86930
86931
86939
86947
86958
86961
86964
86977
86982
86989
86991
87002
87006
87008
87012
87014
87016
87025
87026
87030
87031
87032
87034
87047
87050
87051
87054
87064
87065
87073
87091
87096
87098
87105
87107
87111
87117
87118
87121
87123
87127
87129
87132
87137
87142
87145
87158
87166
87175
87179
87183
87186
87188
87191
87193
87195
87196
87198
87204
87207
87209
87212
87221
87223
87230
87235
87237
87239
87243
87245
87249
87250
87254
87260
87261
87263
87275
87277
87280
87286
87295
87297
87298
87300
87303
87305
87309
87316
87330
87333
87337
87338
87341
87344
87347
87350
87353
87359
87363
87372
87382
87384
87391
87396
87399
87400
87407
87410
87412
87420
87425
87427
87429
87431
87432
87440
87442
87449
87453
87455
87464
87467
87473
87475
87477
87486
87488
87490
87491
87502
87504
87515
87522
87523
87528
87529
87533
87540
87541
87545
87558
87562
87569
87571
87577
87579
87580
87581
87584
87586
87590
87593
87596
87598
87601
87605
87607
87610
87612
87620
87625
87626
87632
87636
87637
87643
87644
87646
87648
87650
87652
87658
87659
87663
87664
87665
87670
87684
87688
87694
87696
87697
87699
87700
87703
87704
87709
87711
87714
87715
87722
87725
87733
87739
87755
87756
87758
87768
87772
87773
87780
87783
87784
87785
87787
87790
87792
87794
87799
87800
87814
87820
87821
87826
87828
87829
87830
87834
87836
87838
87840
87843
87844
87849
87850
87851
87856
87857
87859
87862
87864
87867
87870
87873
87877
87884
87886
87889
87891
87894
87896
87898
87908
87909
87912
87916
87919
87920
87926
87927
87928
87931
87945
87951
87952
87957
87959
87961
87964
87966
87967
87968
87970
87972
87976
87978
87979
87985
87986
87994
87997
88007
88008
88010
88011
88012
88017
88018
88021
88022
88034
88037
88039
88052
88053
88054
88061
88062
88074
88083
88089
88095
88096
88097
88101
88107
88112
88119
88121
88124
88125
88128
88136
88142
88144
88145
88151
88153
88154
88157
88160
88161
88166
88176
88182
88185
88187
88193
88196
88204
88218
88219
88220
88222
88227
88231
88232
88238
88242
88246
88254
88255
88257
88259
88268
88270
88274
88275
88278
88284
88285
88286
88288
88289
88295
88299
88303
88308
88311
88312
88313
88317
88321
88323
88329
88330
88335
88338
88342
88344
88346
88350
88361
88366
88370
88374
88375
88376
88377
88378
88379
88382
88384
88389
88392
88395
88396
88403
88409
88414
88415
88420
88422
88427
88430
88433
88437
88441
88442
88450
88455
88462
88468
88471
88490
88495
88498
88509
88512
88515
88517
88518
88520
88524
88525
88529
88530
88536
88537
88539
88544
88545
88547
88549
88551
88556
88561
88562
88566
88568
88569
88577
88588
88590
88592
88594
88595
88599
88605
88608
88609
88611
88614
88616
88618
88619
88627
88632
88633
88635
88649
88654
88656
88657
88661
88662
88667
88670
88675
88684
88685
88691
88696
88699
88701
88702
88706
88708
88711
88712
88716
88720
88721
88722
88727
88728
88731
88734
88743
88744
88747
88749
88755
88756
88765
88767
88769
88776
88783
88785
88786
88787
88788
88792
88793
88806
88808
88809
88810
88811
88812
88813
88816
88817
88822
88823
88825
88830
88840
88841
88848
88850
88851
88852
88856
88857
88861
88863
88866
88872
88873
88876
88879
88880
88886
88895
88897
88905
88906
88907
88912
88916
88923
88925
88935
88937
88938
88941
88951
88952
88953
88957
88958
88959
88963
88964
88970
88973
88974
88976
88977
88980
88981
88984
88985
88987
88988
88990
88992
88993
88994
88995
89003
89006
89007
89008
89010
89013
89024
89031
89034
89047
89050
89052
89058
89059
89061
89068
89072
89076
89077
89078
89084
89090
89097
89098
89102
89106
89107
89109
89110
89120
89127
89136
89137
89138
89140
89143
89159
89160
89161
89164
89171
89172
89176
89183
89184
89187
89188
89193
89198
89202
89203
89205
89207
89208
89209
89210
89211
89213
89219
89221
89230
89231
89232
89235
89238
89240
89241
89246
89254
89255
89257
89258
89259
89261
89262
89266
89267
89273
89276
89277
89280
89281
89286
89287
89288
89298
89307
89311
89314
89317
89318
89322
89358
89367
89370
89376
89381
89382
89387
89388
89394
89401
89402
89411
89420
89421
89423
89429
89433
89434
89435
89436
89437
89438
89440
89446
89451
89452
89454
89463
89464
89468
89470
89471
89478
89479
89485
89486
89487
89490
89491
89496
89499
89501
89502
89505
89506
89513
89515
89517
89518
89519
89522
89523
89525
89526
89534
89539
89543
89548
89550
89555
89561
89563
89566
89573
89586
89592
89596
89597
89602
89605
89606
89617
89623
89629
89630
89636
89646
89648
89649
89650
89655
89656
89658
89661
89664
89669
89678
89679
89683
89687
89689
89691
89705
89711
89713
89721
89723
89728
89729
89734
89735
89737
89743
89746
89747
89750
89752
89754
89757
89762
89767
89770
89771
89782
89785
89788
89790
89803
89804
89806
89808
89811
89813
89815
89821
89823
89826
89829
89832
89835
89841
89847
89854
89860
89862
89863
89865
89869
89873
89875
89882
89883
89886
89891
89892
89894
89899
89900
89905
89906
89908
89910
89913
89916
89917
89919
89920
89923
89927
89928
89930
89933
89941
89956
89962
89964
89970
89977
89978
89980
89981
89989
89994
89995
89997
90010
90013
90019
90020
90021
90022
90029
90034
90041
90046
90054
90061
90065
90077
90079
90082
90085
90086
90087
90093
90097
90099
90104
90109
90110
90116
90118
90123
90124
90127
90132
90140
90142
90143
90147
90152
90156
90160
90166
90167
90171
90176
90179
90181
90185
90187
90189
90190
90193
90195
90199
90202
90206
90210
90212
90220
90226
90228
90235
90239
90248
90254
90255
90256
90258
90259
90260
90267
90269
90278
90279
90281
90282
90284
90285
90290
90293
90298
90299
90305
90308
90309
90319
90320
90321
90324
90328
90335
90337
90338
90339
90341
90343
90345
90346
90348
90352
90356
90368
90370
90371
90374
90375
90378
90385
90386
90394
90395
90397
90407
90409
90414
90422
90423
90425
90426
90429
90431
90440
90442
90452
90463
90465
90468
90478
90479
90480
90488
90494
90496
90502
90511
90513
90515
90517
90521
90522
90526
90529
90535
90536
90545
90553
90561
90562
90567
90568
90570
90572
90582
90592
90593
90595
90598
90600
90606
90608
90611
90612
90614
90615
90619
90629
90632
90633
90642
90647
90651
90652
90663
90676
90677
90678
90683
90687
90688
90690
90692
90695
90698
90704
90709
90714
90719
90720
90721
90733
90737
90744
90746
90752
90753
90756
90759
90767
90769
90774
90781
90782
90783
90793
90801
90804
90808
90813
90817
90818
90820
90834
90835
90838
90842
90853
90858
90861
90863
90866
90868
90875
90878
90885
90888
90889
90894
90900
90905
90912
90916
90923
90926
90927
90932
90937
90942
90943
90945
90946
90948
90949
90953
90954
90955
90963
90979
90984
90985
90987
90990
91001
91003
91009
91016
91018
91020
91021
91022
91024
91026
91038
91045
91052
91053
91054
91059
91064
91080
91086
91087
91090
91092
91094
91098
91100
91101
91102
91109
91110
91111
91113
91125
91126
91129
91141
91148
91152
91155
91159
91160
91166
91167
91168
91170
91174
91183
91185
91197
91199
91200
91201
91202
91209
91213
91216
91217
91224
91225
91228
91234
91235
91236
91237
91240
91241
91245
91246
91258
91264
91271
91275
91282
91283
91285
91287
91292
91296
91298
91300
91301
91302
91303
91304
91307
91323
91328
91336
91337
91345
91346
91354
91361
91373
91378
91397
91398
91402
91408
91411
91414
91415
91421
91423
91425
91441
91445
91450
91452
91453
91456
91457
91467
91476
91477
91482
91483
91486
91491
91494
91495
91502
91503
91507
91510
91512
91513
91517
91521
91525
91532
91533
91539
91542
91556
91574
91575
91578
91581
91585
91587
91595
91599
91606
91607
91610
91613
91616
91619
91626
91637
91639
91649
91650
91652
91662
91666
91674
91685
91686
91690
91692
91693
91702
91703
91707
91709
91713
91721
91723
91729
91730
91731
91734
91740
91742
91746
91755
91756
91758
91766
91772
91773
91775
91777
91782
91785
91787
91793
91799
91805
91809
91813
91816
91817
91819
91820
91824
91826
91827
91828
91831
91832
91833
91837
91838
91842
91844
91849
91850
91852
91854
91856
91858
91863
91866
91878
91882
91885
91887
91889
91893
91898
91908
91911
91920
91925
91931
91943
91949
91952
91956
91958
91964
91966
91971
91974
91978
91980
91982
91992
91994
92001
92007
92008
92009
92011
92013
92019
92020
92021
92022
92033
92035
92039
92040
92052
92053
92057
92058
92060
92064
92071
92073
92087
92088
92092
92094
92097
92100
92101
92104
92110
92112
92113
92114
92119
92124
92128
92131
92142
92155
92156
92159
92161
92171
92174
92175
92177
92477
92479
92481
92485
92486
92497
92504
92505
92509
92511
92526
92528
92530
92532
92534
92536
92537
92539
92541
92548
92549
92550
92551
92556
92557
92558
92559
92565
92571
92595
92596
92603
92607
92610
92615
92617
92619
92625
92627
92629
92630
92632
92640
92644
92646
92657
92661
92668
92670
92679
92680
92682
92683
92688
92699
92701
92706
92711
92712
92726
92728
92734
92743
92750
92751
92752
92755
92756
92790
92796
92799
92808
92809
92816
92819
92827
92831
92833
92836
92837
92839
92841
92847
92863
92864
92865
92867
92868
92873
92877
92879
92881
92886
92890
92893
92895
92896
92897
92899
92900
92914
92922
92929
92931
92936
92940
92942
92945
92946
92948
92955
92957
92968
92974
92976
92983
92984
92987
92988
92990
92998
92999
93000
93004
93008
93010
93011
93014
93019
93030
93041
93042
93045
93052
93055
93070
93072
93079
93080
93083
93085
93087
97788
97789
97796
97798
97804
97805
97807
97811
97812
97815
97824
97825
97827
97831
97833
97834
97836
97837
97844
97845
97855
97857
97861
97866
97869
97878
97881
97883
97885
97888
97890
97896
97901
97908
97920
97926
97927
97928
97929
97931
97950
97953
97961
97967
97969
97970
97973
97974
97976
97977
97980
97991
97996
97998
98010
98013
98019
98020
98025
98030
98041
98043
98049
98054
98059
98060
98063
98078
98079
98080
98087
98092
98094
98095
98098
98102
98103
98110
98116
98119
98120
98121
98133
98134
98135
98149
98151
98153
98156
98160
98164
98170
98171
98173
98185
98188
98189
98190
98191
98193
98195
98196
98199
98200
98201
98202
98208
98210
98213
98216
98224
98227
98231
98239
98240
98246
98249
98250
98252
98254
98255
98260
98261
98266
98270
98271
98279
98280
98281
98286
98289
98290
98291
98301
98304
98310
98312
98326
98328
98331
98335
98336
98343
98344
98345
98347
98352
98355
98362
98365
98366
98367
98369
98370
98371
98375
98379
98380
98386
98387
98389
98392
98395
98398
98402
98408
98412
98414
98416
98424
98425
98426
98432
98436
98439
98440
98441
98442
98443
98451
98455
98462
98467
98468
98469
98470
98472
98475
98476
98479
98480
98516
98519
98523
98526
98539
98543
98544
98546
98550
98552
98553
98557
98558
98561
98568
98569
98580
98581
98603
98610
98614
98616
98621
98626
98628
98629
98630
98632
98635
98640
98644
98650
98663
98665
98667
98669
98672
98674
98675
98676
98678
98680
98683
98684
98688
98689
98709
98710
98714
98715
98719
98722
98728
98732
98735
98737
98751
98752
98753
98755
98756
98757
98763
98765
98766
98768
98770
98773
98774
98777
98778
98787
98788
98790
98795
98805
98807
98812
98813
98817
98822
98825
98831
98832
98840
98842
98847
98857
98860
98864
98865
98867
98872
98881
98883
98886
98888
98896
98902
98906
98909
98912
98916
98925
98940
98944
98945
98946
98961
98966
98967
98969
98974
98975
98979
98980
98982
98983
98985
98987
98990
98992
98997
99001
99003
99005
99011
99012
99017
99018
99019
99022
99027
99029
99032
99034
99042
99048
99053
99054
99057
99066
99071
99072
99073
99079
99082
99083
99084
99091
99099
99100
99108
99109
99111
99118
99130
99132
99146
99152
99154
99157
99162
99163
99167
99174
99175
99177
99179
99182
99186
99187
99190
99192
99206
99220
99221
99225
99227
99229
99239
99245
99247
99255
99256
99260
99266
99269
99272
99277
99278
99280
99284
99289
99296
99297
99311
99317
99324
99326
99330
99331
99335
99336
99342
99343
99347
99348
99352
99359
99360
99362
99371
99375
99376
99390
99391
99394
99395
99397
99410
99413
99417
99419
99425
99428
99432
99433
99435
99436
99438
99449
99450
99452
99460
99471
99473
99475
99481
99485
99486
99487
99489
99494
99499
99504
99505
99508
99511
99513
99515
99520
99525
99530
99536
99545
99550
99553
99554
99563
99565
99570
99572
99577
99583
99584
99585
99592
99596
99598
99600
99604
99608
99611
99612
99613
99619
99621
99623
99626
99628
99631
99632
99634
99636
99640
99642
99646
99655
99656
99659
99662
99668
99673
99675
99684
99691
99694
99697
99702
99704
99705
99706
99710
99715
99717
99720
99722
99724
99725
99726
99728
99733
99734
99735
99739
99743
99745
99746
99750
99758
99764
99765
99768
99777
99780
99784
99786
99787
99792
99797
99798
99800
99802
99805
99808
99810
99811
99816
99817
99818
99821
99828
99834
99840
99842
99848
99851
99853
99854
99867
99871
99876
99881
99882
99893
99894
99895
99899
99900
99901
99907
99917
99918
99921
99929
99938
99944
99946
99948
99954
99955
99957
99958
99965
99969
99970
99973
99974
99975
99980
99981
99982
99988
99989
99992
99996
99997
99999